"Export date: 2020. 5. 6. 오후 1:14:14","","#","Product Name","Brand","Price","Mo. Sales","D. Sales","Mo. Revenue","Reviews","Rating","Rank","Seller type","Category","ASIN","Link"
"Search Term: Yogi tea","","1","Yogi Tea - Get Well Variety Pack Sampler (6 Pack) - 6 Teas for Cold and Flu Symptom Support - 96 Tea Bags","Yogi","$24.88","4755","128","$118304","109","5","2026","FBA","Grocery & Gourmet Food","B07WQFWGHV","https://www.amazon.com/Yogi-Tea-Variety-Sampler-Symptom/dp/B07WQFWGHV/ref=sr_1_2?dchild=1&keywords=Yogi+tea&qid=1588738362&refinements=p_85%3A2470955011&rnid=2470954011&rps=1&sr=8-2"
"Average Sales: 827","","2","YOGI TEA SAMPLER 24 FLAVORS (72 TEA BAGS)","Yogi","$30.99","505","19","$15650","173","4","14749","FBA","Grocery & Gourmet Food","B077Z6YRF6","https://www.amazon.com/YOGI-TEA-SAMPLER-FLAVORS-BAGS/dp/B077Z6YRF6/ref=sr_1_3?dchild=1&keywords=Yogi+tea&qid=1588738362&refinements=p_85%3A2470955011&rnid=2470954011&rps=1&sr=8-3"
"Average Sales Rank: 60,209","","3","Yogi Tea - Lemon Ginger (4 Pack) - Supports Healthy Digestion - 64 Tea Bags","Yogi","$15.36","1541","77","$23670","14","4.5","3767","FBA","Grocery & Gourmet Food","B07YGR8XCK","https://www.amazon.com/Yogi-Tea-Supports-Healthy-Digestion/dp/B07YGR8XCK/ref=sr_1_4?dchild=1&keywords=Yogi+tea&qid=1588738362&refinements=p_85%3A2470955011&rnid=2470954011&rps=1&sr=8-4"
"Average Price: $16.13","","4","Yogi Tea - Honey Lavender Stress Relief (6 Pack) - Soothing Serenity Blend - 96 Tea Bags","Yogi","$23.04","1136","45","$26173","190","5","6704","FBA","Grocery & Gourmet Food","B07B9LMD5Q","https://www.amazon.com/Yogi-Tea-Lavender-Soothing-Serenity/dp/B07B9LMD5Q/ref=sr_1_5?dchild=1&keywords=Yogi+tea&qid=1588738362&refinements=p_85%3A2470955011&rnid=2470954011&rps=1&sr=8-5"
"Average Reviews: 411","","5","Yogi Tea - Green Tea Super Antioxidant - Helps Reduce Free Radicals - 6 Pack 96 Tea Bags Total","Yogi","$23.04","1577","55","$36334","417","4.5","5431","FBA","Grocery & Gourmet Food","B0009F3SC8","https://www.amazon.com/Yogi-Tea-Antioxidant-Reduce-Radicals/dp/B0009F3SC8/ref=sr_1_6?dchild=1&keywords=Yogi+tea&qid=1588738362&refinements=p_85%3A2470955011&rnid=2470954011&rps=1&sr=8-6"
"","","6","Yogi Tea Cinnamon Vanilla Healthy Skin 16 Count","Yogi Tea","$5.57","1477","66","$8227","576","4.5","4435","AMZ","Grocery & Gourmet Food","B00BY6NN30","https://www.amazon.com/Yogi-Cinnamon-Vanilla-Healthy-Packaging/dp/B00BY6NN30/ref=sr_1_7?dchild=1&keywords=Yogi+tea&qid=1588738362&refinements=p_85%3A2470955011&rnid=2470954011&rps=1&sr=8-7"
"","","7","Yogi Tea - Echinacea Immune Support (6 Pack) - Supports Immune Function - 96 Tea Bags Total","Yogi","$23.04","1847","56","$42555","214","4.5","5342","FBA","Grocery & Gourmet Food","B0009F3SAU","https://www.amazon.com/Yogi-Tea-Echinacea-Supports-Function/dp/B0009F3SAU/ref=sr_1_8?dchild=1&keywords=Yogi+tea&qid=1588738362&refinements=p_85%3A2470955011&rnid=2470954011&rps=1&sr=8-8"
"","","8","Yogi Tea - Breathe Deep (6 Pack) - Supports Respiratory Health - 96 Tea Bags Total","Yogi","$23.04","2660","69","$61286","296","4.5","4224","FBA","Grocery & Gourmet Food","B000CMIYWC","https://www.amazon.com/Yogi-Tea-Breathe-Supports-Respiratory/dp/B000CMIYWC/ref=sr_1_9?dchild=1&keywords=Yogi+tea&qid=1588738362&refinements=p_85%3A2470955011&rnid=2470954011&rps=1&sr=8-9"
"","","9","Yogi Tea Chai Rooibos 16 Count","Yogi","$4.29","1924","59","$8254","271","4.5","5018","AMZ","Grocery & Gourmet Food","B0019LU5LS","https://www.amazon.com/Yogi-Herbal-Teas-Chai-Rooibos/dp/B0019LU5LS/ref=sr_1_10?dchild=1&keywords=Yogi+tea&qid=1588738362&refinements=p_85%3A2470955011&rnid=2470954011&rps=1&sr=8-10"
"","","10","Yogi Tea - Breathe Deep (4 Pack) - Supports Respiratory Health - 64 Tea Bags","Yogi","$15.36","396","18","$6083","13","5","15154","FBA","Grocery & Gourmet Food","B083TBG878","https://www.amazon.com/Yogi-Tea-Breathe-Supports-Respiratory/dp/B083TBG878/ref=sr_1_11?dchild=1&keywords=Yogi+tea&qid=1588738362&refinements=p_85%3A2470955011&rnid=2470954011&rps=1&sr=8-11"
"","","11","Yogi Tea - Yogi Favorites Variety Pack in Gift Box Packaging (6 Pack) - Includes 6 of the Most Popular Yogi Teas - 96 Tea Bags","Yogi","$25.88","425","34","$10999","35","5","8769","FBA","Grocery & Gourmet Food","B07WQFXC7Y","https://www.amazon.com/Yogi-Tea-Favorites-Variety-Packaging/dp/B07WQFXC7Y/ref=sr_1_12?dchild=1&keywords=Yogi+tea&qid=1588738362&refinements=p_85%3A2470955011&rnid=2470954011&rps=1&sr=8-12"
"","","12","Yogi Tea - Raspberry Passion Perfect Energy (4 Pack) - Energizes and Supports Focus - 64 Tea Bags","Yogi","$15.36","368","12","$5652","1","5","20645","FBA","Grocery & Gourmet Food","B083SSZ41L","https://www.amazon.com/Yogi-Tea-Raspberry-Energizes-Supports/dp/B083SSZ41L/ref=sr_1_13?dchild=1&keywords=Yogi+tea&qid=1588738362&refinements=p_85%3A2470955011&rnid=2470954011&rps=1&sr=8-13"
"","","13","Yogi Tea - Honey Chai Turmeric Vitality (6 Pack) - Sweet and Spicy Blend - 96 Tea Bags Total","Yogi","$23.04","1781","38","$41034","160","4.5","7860","FBA","Grocery & Gourmet Food","B07B9FG8WL","https://www.amazon.com/Yogi-Tea-Honey-Turmeric-Vitality/dp/B07B9FG8WL/ref=sr_1_14?dchild=1&keywords=Yogi+tea&qid=1588738362&refinements=p_85%3A2470955011&rnid=2470954011&rps=1&sr=8-14"
"","","14","Yogi Tea - Mango Ginger (4 Pack) - Supports Healthy Digestion - 64 Tea Bags","Yogi","$15.36","325","21","$4992","36","4.5","13599","FBA","Grocery & Gourmet Food","B07YGMVFYX","https://www.amazon.com/Yogi-Tea-Supports-Healthy-Digestion/dp/B07YGMVFYX/ref=sr_1_15?dchild=1&keywords=Yogi+tea&qid=1588738362&refinements=p_85%3A2470955011&rnid=2470954011&rps=1&sr=8-15"
"","","15","Yogi Tea - Bedtime - Supports a Good Night's Sleep - 6 Pack 96 Tea Bags Total","Yogi","$23.04","1784","68","$41103","805","4.5","4348","FBA","Grocery & Gourmet Food","B0009F3SA0","https://www.amazon.com/Yogi-Tea-Bedtime-Soothing-Spicy/dp/B0009F3SA0/ref=sr_1_16?dchild=1&keywords=Yogi+tea&qid=1588738362&refinements=p_85%3A2470955011&rnid=2470954011&rps=1&sr=8-16"
"","","16","Yogi Tea - Blackberry Apple Cider Digestive Awakening (4 Pack) - Supports Healthy Digestion - 64 Tea Bags","Yogi","$15.36","375","14","$5760","29","4.5","18551","FBA","Grocery & Gourmet Food","B07YGNS884","https://www.amazon.com/Yogi-Tea-Blackberry-Digestive-Awakening/dp/B07YGNS884/ref=sr_1_17?dchild=1&keywords=Yogi+tea&qid=1588738362&refinements=p_85%3A2470955011&rnid=2470954011&rps=1&sr=8-17"
"","","17","YOGI TEA SAMPLER 20 FLAVORS ( 60 TEA BAGS )","Yogi","$24.97","252","8","$6292","44","4","27429","FBA","Grocery & Gourmet Food","B077ZCM39L","https://www.amazon.com/YOGI-TEA-SAMPLER-FLAVORS-BAGS/dp/B077ZCM39L/ref=sr_1_22?dchild=1&keywords=Yogi+tea&qid=1588738362&refinements=p_85%3A2470955011&rnid=2470954011&rps=1&sr=8-22"
"","","18","Yogi Tea - Vanilla Spice Perfect Energy (6 Pack) - Energizes and Supports Focus - 96 Tea Bags Total","Yogi","$23.04","1182","39","$27233","285","4.5","7605","FBA","Grocery & Gourmet Food","B004051BO0","https://www.amazon.com/Yogi-Tea-Vanilla-Energizes-Supports/dp/B004051BO0/ref=sr_1_23?dchild=1&keywords=Yogi+tea&qid=1588738362&refinements=p_85%3A2470955011&rnid=2470954011&rps=1&sr=8-23"
"","","19","Yogi Tea - Digestion and Detox Tea Variety Pack Sampler (6 Pack) - 96 Tea Bags","Yogi","$24.88","764","46","$19008","117","4.5","6463","FBA","Grocery & Gourmet Food","B07P988S29","https://www.amazon.com/Yogi-Tea-Digestion-Variety-Sampler/dp/B07P988S29/ref=sr_1_24?dchild=1&keywords=Yogi+tea&qid=1588738362&refinements=p_85%3A2470955011&rnid=2470954011&rps=1&sr=8-24"
"","","20","Yogi Tea - Vanilla Spice Perfect Energy (4 Pack) - Energizes and Supports Focus - 64 Tea Bags","Yogi","$15.36","295","8","$4531","2","5","29324","FBA","Grocery & Gourmet Food","B083STDP79","https://www.amazon.com/Yogi-Tea-Vanilla-Energizes-Supports/dp/B083STDP79/ref=sr_1_25?dchild=1&keywords=Yogi+tea&qid=1588738362&refinements=p_85%3A2470955011&rnid=2470954011&rps=1&sr=8-25"
"","","21","Yogi Tea - Green Tea Kombucha (4 Pack) - Supplies Antioxidants - 64 Tea Bags","Yogi","$15.36","520","26","$7987","9","4","11018","FBA","Grocery & Gourmet Food","B083T7YP5B","https://www.amazon.com/Yogi-Tea-Kombucha-Supplies-Antioxidants/dp/B083T7YP5B/ref=sr_1_26?dchild=1&keywords=Yogi+tea&qid=1588738362&refinements=p_85%3A2470955011&rnid=2470954011&rps=1&sr=8-26"
"","","22","Yogi Tea - DeTox Tea (4 Pack) - Healthy Cleansing Formula With Traditional Ayurvedic Herbs - 64 Tea Bags","Yogi","$15.36","945","51","$14515","28","4.5","5839","FBA","Grocery & Gourmet Food","B07YL6G6VY","https://www.amazon.com/Yogi-Tea-Cleansing-Traditional-Ayurvedic/dp/B07YL6G6VY/ref=sr_1_27?dchild=1&keywords=Yogi+tea&qid=1588738362&refinements=p_85%3A2470955011&rnid=2470954011&rps=1&sr=8-27"
"","","23","Yogi Tea - Green Tea Kombucha (6 Pack) - Supplies Antioxidants - 96 Tea Bags Total","Yogi","$23.04","1442","42","$33224","515","4.5","7151","FBA","Grocery & Gourmet Food","B0009F3SBY","https://www.amazon.com/Yogi-Tea-Kombucha-Supplies-Antioxidants/dp/B0009F3SBY/ref=sr_1_28?dchild=1&keywords=Yogi+tea&qid=1588738362&refinements=p_85%3A2470955011&rnid=2470954011&rps=1&sr=8-28"
"","","24","Yogi Tea Sweet Tangerine Positive Energy 16 ct","Yogi","","2076","17","$0","283","4.5","15811","","Grocery & Gourmet Food","B007M8FRTW","https://www.amazon.com/Yogi-Tangerine-Positive-Energy-Packaging/dp/B007M8FRTW/ref=sr_1_29?dchild=1&keywords=Yogi+tea&qid=1588738362&refinements=p_85%3A2470955011&rnid=2470954011&rps=1&sr=8-29"
"","","25","Yogi Tea - Throat Comfort (6 Pack) - Soothes the Throat - 96 Tea Bags Total","Yogi","$23.04","856","20","$19722","229","4.5","14034","FBA","Grocery & Gourmet Food","B000CMH0OU","https://www.amazon.com/Yogi-Tea-Throat-Comfort-Soothes/dp/B000CMH0OU/ref=sr_1_30?dchild=1&keywords=Yogi+tea&qid=1588738362&refinements=p_85%3A2470955011&rnid=2470954011&rps=1&sr=8-30"
"","","26","Yogi Tea - Green Tea Passion Fruit Matcha (4 Pack) - Supplies Antioxidants - 64 Tea Bags","Yogi","$15.36","320","12","$4915","16","4.5","21362","FBA","Grocery & Gourmet Food","B07YH2HM2Q","https://www.amazon.com/Yogi-Tea-Passion-Supplies-Antioxidants/dp/B07YH2HM2Q/ref=sr_1_31?dchild=1&keywords=Yogi+tea&qid=1588738362&refinements=p_85%3A2470955011&rnid=2470954011&rps=1&sr=8-31"
"","","27","Yogi Tea - DeTox Tea (6 Pack) - Healthy Cleansing Formula With Traditional Ayurvedic Herbs - 96 Tea Bags Total","Yogi","$23.04","2181","77","$50250","890","4.5","3764","FBA","Grocery & Gourmet Food","B0009F3SAK","https://www.amazon.com/Yogi-Tea-Cleansing-Traditional-Ayurvedic/dp/B0009F3SAK/ref=sr_1_32?dchild=1&keywords=Yogi+tea&qid=1588738362&refinements=p_85%3A2470955011&rnid=2470954011&rps=1&sr=8-32"
"","","28","Yogi Tea - Throat Comfort (4 Pack) - Soothes the Throat - 64 Tea Bags","Yogi","$15.36","540","12","$8294","5","4","21340","FBA","Grocery & Gourmet Food","B083T7XM51","https://www.amazon.com/Yogi-Tea-Throat-Comfort-Soothes/dp/B083T7XM51/ref=sr_1_33?dchild=1&keywords=Yogi+tea&qid=1588738362&refinements=p_85%3A2470955011&rnid=2470954011&rps=1&sr=8-33"
"","","29","Yogi Tea - Relaxed Mind (4 Pack) - Promotes Tranquility - 64 Tea Bags","Yogi","$15.36","100","4","$1536","5","5","45899","FBA","Grocery & Gourmet Food","B083T811XY","https://www.amazon.com/Yogi-Tea-Relaxed-Promotes-Tranquility/dp/B083T811XY/ref=sr_1_34?dchild=1&keywords=Yogi+tea&qid=1588738362&refinements=p_85%3A2470955011&rnid=2470954011&rps=1&sr=8-34"
"","","30","YOGI TEA SAMPLER 12 FLAVORS (36 TEA BAGS)","Yogi","$16.99","233","5","$3959","70","4","37856","FBA","Grocery & Gourmet Food","B07489VGF2","https://www.amazon.com/YOGI-TEA-SAMPLER-FLAVORS-BAGS/dp/B07489VGF2/ref=sr_1_35?dchild=1&keywords=Yogi+tea&qid=1588738362&refinements=p_85%3A2470955011&rnid=2470954011&rps=1&sr=8-35"
"","","31","Yogi Tea - Original Yogi Tea (4 Pack) - Richly Spiced and Warming - 64 Tea Bags","Yogi","$15.36","55","2","$845","1","5","67561","FBA","Grocery & Gourmet Food","B083T99JKG","https://www.amazon.com/Yogi-Tea-Original-Richly-Warming/dp/B083T99JKG/ref=sr_1_36?dchild=1&keywords=Yogi+tea&qid=1588738362&refinements=p_85%3A2470955011&rnid=2470954011&rps=1&sr=8-36"
"","","32","Yogi Tea - Raspberry Passion Perfect Energy (6 Pack) - Energizes and Supports Focus - 96 Tea Bags Total","Yogi","$23.04","250","9","$5760","75","4.5","25806","FBA","Grocery & Gourmet Food","B00511MLLE","https://www.amazon.com/Yogi-Tea-Raspberry-Energizes-Supports/dp/B00511MLLE/ref=sr_1_37?dchild=1&keywords=Yogi+tea&qid=1588738362&refinements=p_85%3A2470955011&rnid=2470954011&rps=1&sr=8-37"
"","","33","Yogi Tea - Caramel Apple Spice Slim Life (6 Pack) - Energizes and Supports a Dieting Program - 96 Tea Bags","Yogi","$23.04","210","6","$4838","59","4.5","36249","FBA","Grocery & Gourmet Food","B07B9ZQRM6","https://www.amazon.com/Yogi-Tea-Caramel-Energizes-Supports/dp/B07B9ZQRM6/ref=sr_1_38?dchild=1&keywords=Yogi+tea&qid=1588738362&refinements=p_85%3A2470955011&rnid=2470954011&rps=1&sr=8-38"
"","","34","Yogi Tea - Cinnamon Vanilla Healthy Skin - Supports a Healthy Glow - 6 Pack 96 Tea Bags Total","Yogi","$23.04","480","12","$11059","89","5","20506","FBA","Grocery & Gourmet Food","B01AS507SG","https://www.amazon.com/Yogi-Tea-Cinnamon-Vanilla-Supports/dp/B01AS507SG/ref=sr_1_39?dchild=1&keywords=Yogi+tea&qid=1588738362&refinements=p_85%3A2470955011&rnid=2470954011&rps=1&sr=8-39"
"","","35","Yogi Tea - Egyptian Licorice Mint (6 Pack) - Warming and Naturally Spicy Sweet - 96 Tea Bags Total","Yogi","$23.04","605","21","$13939","262","5","13522","FBA","Grocery & Gourmet Food","B000CMF1A0","https://www.amazon.com/Yogi-Tea-Egyptian-Licorice-Naturally/dp/B000CMF1A0/ref=sr_1_40?dchild=1&keywords=Yogi+tea&qid=1588738362&refinements=p_85%3A2470955011&rnid=2470954011&rps=1&sr=8-40"
"","","36","Yogi Tea - Cold Season (6 Pack) - Supports the Body During the Cold Weather Season - 96 Tea Bags Total","Yogi","$23.04","137","2","$3156","96","4.5","70483","FBA","Grocery & Gourmet Food","B000CMIYX6","https://www.amazon.com/Yogi-Tea-Season-Supports-Weather/dp/B000CMIYX6/ref=sr_1_41?dchild=1&keywords=Yogi+tea&qid=1588738362&refinements=p_85%3A2470955011&rnid=2470954011&rps=1&sr=8-41"
"","","37","Yogi Tea Herbal Stress Relief Honey Lavender 16 ea ( pack of 2)","Yogi","$18.99","457","13","$8678","115","4.5","20101","FBA","Grocery & Gourmet Food","B019Z67IRW","https://www.amazon.com/Yogi-Herbal-Stress-Relief-Lavender/dp/B019Z67IRW/ref=sr_1_42?dchild=1&keywords=Yogi+tea&qid=1588738362&refinements=p_85%3A2470955011&rnid=2470954011&rps=1&sr=8-42"
"","","38","Yogi Tea - Original Yogi Tea (6 Pack) - Richly Spiced and Warming - 96 Tea Bags Total","Yogi","$23.04","120","4","$2765","17","4.5","46056","FBA","Grocery & Gourmet Food","B07694KV1T","https://www.amazon.com/Original-Gluten-Kosher-Vegan-Organic/dp/B07694KV1T/ref=sr_1_43?dchild=1&keywords=Yogi+tea&qid=1588738362&refinements=p_85%3A2470955011&rnid=2470954011&rps=1&sr=8-43"
"","","39","Yogi Herbal Teas Relaxed Mind 16 ea ( pack of 2)","Yogi","$13.99","158","4","$2210","18","4.5","43660","FBA","Grocery & Gourmet Food","B019Z6A98W","https://www.amazon.com/Yogi-Herbal-Teas-Relaxed-Mind/dp/B019Z6A98W/ref=sr_1_44?dchild=1&keywords=Yogi+tea&qid=1588738362&refinements=p_85%3A2470955011&rnid=2470954011&rps=1&sr=8-44"
"","","40","Yogi Herbal Tea Bags Echinacea Immune Support 16 ea ( pack of 2)","YOGI","$14.99","120","4","$1799","17","5","46580","FBA","Grocery & Gourmet Food","B01KKW7B54","https://www.amazon.com/Yogi-Herbal-Echinacea-Immune-Support/dp/B01KKW7B54/ref=sr_1_45?dchild=1&keywords=Yogi+tea&qid=1588738362&refinements=p_85%3A2470955011&rnid=2470954011&rps=1&sr=8-45"
"","","41","Yogi Herbal Tea Bags Detox 16 ea ( pack of 2)","Modhui","$14.99","330","11","$4947","61","4.5","22254","FBA","Grocery & Gourmet Food","B00P2PKYQI","https://www.amazon.com/Yogi-Herbal-Bags-Detox-pack/dp/B00P2PKYQI/ref=sr_1_46?dchild=1&keywords=Yogi+tea&qid=1588738362&refinements=p_85%3A2470955011&rnid=2470954011&rps=1&sr=8-46"
"","","42","Yogi Tea - Relaxed Mind - Promotes Tranquility - 6 Pack 96 Tea Bags Total","Yogi","$23.04","198","6","$4562","81","4.5","34142","FBA","Grocery & Gourmet Food","B00404XCLQ","https://www.amazon.com/Yogi-Tea-Relaxed-Promotes-Tranquility/dp/B00404XCLQ/ref=sr_1_47?dchild=1&keywords=Yogi+tea&qid=1588738362&refinements=p_85%3A2470955011&rnid=2470954011&rps=1&sr=8-47"
"","","43","Yogi Tea - Calming - Helps Soothe Mild Tension - 6 Pack 96 Tea Bags Total","Yogi","$23.04","266","15","$6129","95","4.5","17845","FBA","Grocery & Gourmet Food","B000CMIYWM","https://www.amazon.com/Yogi-Tea-Calming-Soothe-Tension/dp/B000CMIYWM/ref=sr_1_48?dchild=1&keywords=Yogi+tea&qid=1588738362&refinements=p_85%3A2470955011&rnid=2470954011&rps=1&sr=8-48"
"","","44","Yogi Tea - Kava Stress Relief (4 Pack) - Eases Tension and Promotes Relaxation - 64 Tea Bags","Yogi","$44.00","865","3","$38060","18","4.5","56671","","Grocery & Gourmet Food","B083SV2M91","https://www.amazon.com/Yogi-Tea-Tension-Promotes-Relaxation/dp/B083SV2M91/ref=sr_1_49?dchild=1&keywords=Yogi+tea&qid=1588738362&refinements=p_85%3A2470955011&rnid=2470954011&rps=1&sr=8-49"
"","","45","Yogi Tea Kava Stress Relief - Caffeine Free - 16 Tea Bags - 100% Natural - Herbal Tea Supplement","Yogi","$13.41","690","25","$9253","18","4.5","11521","FBA","Grocery & Gourmet Food","B013KAT6YW","https://www.amazon.com/Yogi-Tea-Kava-Stress-Relief/dp/B013KAT6YW/ref=sr_1_50?dchild=1&keywords=Yogi+tea&qid=1588738362&refinements=p_85%3A2470955011&rnid=2470954011&rps=1&sr=8-50"
"","","46","Yogi Tea - Peach DeTox (6 Pack) - Healthy Cleansing Formula - 96 Tea Bags Total","Yogi","$23.04","458","15","$10552","220","4","18019","FBA","Grocery & Gourmet Food","B0009F3SDC","https://www.amazon.com/Yogi-Tea-Healthy-Cleansing-Formula/dp/B0009F3SDC/ref=sr_1_51?dchild=1&keywords=Yogi+tea&qid=1588738362&refinements=p_85%3A2470955011&rnid=2470954011&rps=1&sr=8-51"
"","","47","Yogi Tea - Honey Lemon Throat Comfort (4 Pack) - Soothes the Throat - 64 Tea Bags","Yogi","$15.36","120","3","$1843","2","5","57534","FBA","Grocery & Gourmet Food","B083SV3R6Y","https://www.amazon.com/Yogi-Tea-Throat-Comfort-Soothes/dp/B083SV3R6Y/ref=sr_1_52?dchild=1&keywords=Yogi+tea&qid=1588738362&refinements=p_85%3A2470955011&rnid=2470954011&rps=1&sr=8-52"
"","","48","Yogi Tea - Winter Tea Variety Pack (6 Pack) - New Seasonal Offering Includes Pumpkin Spice Orange Clove and Vanilla Peppermint Teas - Gift Box Packaging - 96 Tea Bags","Yogi","$25.88","60","1","$1553","81","4.5","92676","FBA","Grocery & Gourmet Food","B07WFWPSKZ","https://www.amazon.com/Yogi-Tea-Seasonal-Peppermint-Packaging/dp/B07WFWPSKZ/ref=sr_1_53?dchild=1&keywords=Yogi+tea&qid=1588738362&refinements=p_85%3A2470955011&rnid=2470954011&rps=1&sr=8-53"
"","","49","Yogi Tea Egyptian Licorice Mint 16 Count","Yogi","$8.30","628","24","$5212","239","4.5","12130","AMZ","Grocery & Gourmet Food","B000E48HL6","https://www.amazon.com/Yogi-Egyptian-Licorice-Herbal-Supplement/dp/B000E48HL6/ref=sr_1_53?dchild=1&keywords=Yogi+tea&qid=1588738389&refinements=p_85%3A2470955011&rnid=2470954011&rps=1&sr=8-53"
"","","50","Yogi Tea - Chai Rooibos (6 Pack) - Warming and Spicy Sweet - 96 Tea Bags Total","Yogi","$23.04","552","14","$12718","200","4.5","18466","FBA","Grocery & Gourmet Food","B0009F3SDM","https://www.amazon.com/Yogi-Tea-Rooibos-Warming-Spicy/dp/B0009F3SDM/ref=sr_1_54?dchild=1&keywords=Yogi+tea&qid=1588738389&refinements=p_85%3A2470955011&rnid=2470954011&rps=1&sr=8-54"
"","","51","Yogi Organic Tea Bags Breathe Deep 16 ea","Yogi Tea","$11.85","115","4","$1363","27","4.5","46321","FBA","Grocery & Gourmet Food","B00MN40ILM","https://www.amazon.com/Yogi-Organic-Bags-Breathe-Deep/dp/B00MN40ILM/ref=sr_1_55?dchild=1&keywords=Yogi+tea&qid=1588738389&refinements=p_85%3A2470955011&rnid=2470954011&rps=1&sr=8-55"
"","","52","Yogi Tea - Sweet Clementine Stress Support (6 Pack) - Adaptogens to Support Overall Health - 96 Tea Bags","Yogi","$23.04","168","7","$3871","23","4.5","31625","FBA","Grocery & Gourmet Food","B07NX91SX1","https://www.amazon.com/Yogi-Tea-Clementine-Support-Adaptogens/dp/B07NX91SX1/ref=sr_1_56?dchild=1&keywords=Yogi+tea&qid=1588738389&refinements=p_85%3A2470955011&rnid=2470954011&rps=1&sr=8-56"
"","","53","Yogi Herbal Tea Get Regular Caffeine Free Soothing Mint - 16 Tea Bags","Yogi","$8.78","246","4","$2160","77","4.5","47671","FBA","Grocery & Gourmet Food","B0019LZ14Y","https://www.amazon.com/Yogi-Herbal-Regular-Caffeine-Soothing/dp/B0019LZ14Y/ref=sr_1_57?dchild=1&keywords=Yogi+tea&qid=1588738389&refinements=p_85%3A2470955011&rnid=2470954011&rps=1&sr=8-57"
"","","54","Yogi Tea Ginger Herbal Supplement Tea Bags 16 ct (Pack of 2)","Yogi","$13.99","425","9","$5946","41","4.5","26820","FBA","Grocery & Gourmet Food","B01EGDFOI4","https://www.amazon.com/Yogi-Ginger-Herbal-Supplement-Bags/dp/B01EGDFOI4/ref=sr_1_58?dchild=1&keywords=Yogi+tea&qid=1588738389&refinements=p_85%3A2470955011&rnid=2470954011&rps=1&sr=8-58"
"","","55","Yogi Tea Soothing Caramel Bedtime 16 Count","Yogi","$8.85","1155","4","$10222","473","4.5","71444","","Health & Household","B005OS39W4","https://www.amazon.com/Yogi-Bedtime-Caffeine-Soothing-Caramel/dp/B005OS39W4/ref=sr_1_59?dchild=1&keywords=Yogi+tea&qid=1588738389&refinements=p_85%3A2470955011&rnid=2470954011&rps=1&sr=8-59"
"","","56","Yogi Tea Green Tea Super Antioxidant Herbal Supplement Tea Bags 16 ct 2 pk","Yogi Tea","$12.91","156","3","$2014","28","4.5","56295","FBA","Grocery & Gourmet Food","B00KPTEY5I","https://www.amazon.com/Yogi-Green-Antioxidant-Herbal-Supplement/dp/B00KPTEY5I/ref=sr_1_60?dchild=1&keywords=Yogi+tea&qid=1588738389&refinements=p_85%3A2470955011&rnid=2470954011&rps=1&sr=8-60"
"","","57","Yogi Tea - Calming (4 Pack) - Helps Soothe Mild Tension - 64 Tea Bags","Yogi","$15.36","120","7","$1843","0","","32079","FBA","Grocery & Gourmet Food","B083STSFZN","https://www.amazon.com/Yogi-Tea-Calming-Soothe-Tension/dp/B083STSFZN/ref=sr_1_61?dchild=1&keywords=Yogi+tea&qid=1588738389&refinements=p_85%3A2470955011&rnid=2470954011&rps=1&sr=8-61"
"","","58","Yogi Tea Honey Chai Turmeric Vitality 16 ct","Yogi Tea","$8.95","70","4","$627","57","4.5","49587","","Grocery & Gourmet Food","B079MF5GM2","https://www.amazon.com/Yogi-Honey-Turmeric-Vitality-Count/dp/B079MF5GM2/ref=sr_1_62?dchild=1&keywords=Yogi+tea&qid=1588738389&refinements=p_85%3A2470955011&rnid=2470954011&rps=1&sr=8-62"
"","","59","Yogi Bedtime Tea 0.85oz 16 count","Yogi","$8.95","162","4","$1450","94","4.5","46667","","Grocery & Gourmet Food","B00014CZQW","https://www.amazon.com/Yogi-Tea-Bedtime-Caffeine-ounces/dp/B00014CZQW/ref=sr_1_63?dchild=1&keywords=Yogi+tea&qid=1588738389&refinements=p_85%3A2470955011&rnid=2470954011&rps=1&sr=8-63"
"","","60","Yogi Tea - Blackberry Apple Cider Digestive Awakening (6 Pack) - Supports Healthy Digestion - 96 Tea Bags","Yogi","$23.04","150","6","$3456","21","4.5","33682","FBA","Grocery & Gourmet Food","B07NYKNXJS","https://www.amazon.com/Yogi-Tea-Blackberry-Digestive-Awakening/dp/B07NYKNXJS/ref=sr_1_64?dchild=1&keywords=Yogi+tea&qid=1588738389&refinements=p_85%3A2470955011&rnid=2470954011&rps=1&sr=8-64"
"","","61","Organic Egyptian Licorice 16 tea bags by Yogi Tea","Yogi","$10.75","336","14","$3612","222","3.5","18446","FBA","Grocery & Gourmet Food","B000E4AIDG","https://www.amazon.com/Organic-Egyptian-Licorice-bags-Yogi/dp/B000E4AIDG/ref=sr_1_65?dchild=1&keywords=Yogi+tea&qid=1588738389&refinements=p_85%3A2470955011&rnid=2470954011&rps=1&sr=8-65"
"","","62","Yogi Tea - Mango Ginger (6 Pack) - Supports Healthy Digestion - 96 Tea Bags Total","Yogi","$23.04","355","10","$8179","39","4.5","24955","FBA","Grocery & Gourmet Food","B072MLTJ4S","https://www.amazon.com/Yogi-Tea-Supports-Healthy-Digestion/dp/B072MLTJ4S/ref=sr_1_66?dchild=1&keywords=Yogi+tea&qid=1588738389&refinements=p_85%3A2470955011&rnid=2470954011&rps=1&sr=8-66"
"","","63","Yogi Tea - Green Tea Pure Green - Supports Vitality - Great as Hot or Iced Tea - 6 Pack 96 Tea Bags Total","Yogi","$23.04","430","18","$9907","103","4.5","15177","FBA","Grocery & Gourmet Food","B0009F3SE6","https://www.amazon.com/Yogi-Tea-Green-Supports-Vitality/dp/B0009F3SE6/ref=sr_1_67?dchild=1&keywords=Yogi+tea&qid=1588738389&refinements=p_85%3A2470955011&rnid=2470954011&rps=1&sr=8-67"
"","","64","Yogi Tea - Honey Lemon Throat Comfort (6 Pack) - Soothes the Throat - 96 Tea Bags Total","Yogi","$23.04","143","4","$3295","49","4.5","43047","FBA","Grocery & Gourmet Food","B000CMIYYU","https://www.amazon.com/Yogi-Tea-Throat-Comfort-Soothes/dp/B000CMIYYU/ref=sr_1_68?dchild=1&keywords=Yogi+tea&qid=1588738389&refinements=p_85%3A2470955011&rnid=2470954011&rps=1&sr=8-68"
"","","65","Yogi Tea Herbal Stress Relief Honey Lavender 16 ea ( pack of 4)","Yogi","$26.84","108","2","$2899","91","4.5","68573","","Grocery & Gourmet Food","B00DQH2YIU","https://www.amazon.com/Yogi-Herbal-Stress-Relief-Lavender/dp/B00DQH2YIU/ref=sr_1_73?dchild=1&keywords=Yogi+tea&qid=1588738389&refinements=p_85%3A2470955011&rnid=2470954011&rps=1&sr=8-73"
"","","66","Yogi Tea Green Energy 16 Bags","Yogi","$7.99","104","4","$831","256","4.5","48330","FBA","Grocery & Gourmet Food","B000RI8NV8","https://www.amazon.com/Yogi-Tea-Green-Energy-Bags/dp/B000RI8NV8/ref=sr_1_74?dchild=1&keywords=Yogi+tea&qid=1588738389&refinements=p_85%3A2470955011&rnid=2470954011&rps=1&sr=8-74"
"","","67","Yogi Tea - Chai Rooibos (4 Pack) - Warming and Spicy Sweet - 64 Tea Bags","Yogi","$15.36","276","7","$4239","2","5","30664","FBA","Grocery & Gourmet Food","B083STJMSP","https://www.amazon.com/Yogi-Tea-Rooibos-Warming-Spicy/dp/B083STJMSP/ref=sr_1_75?dchild=1&keywords=Yogi+tea&qid=1588738389&refinements=p_85%3A2470955011&rnid=2470954011&rps=1&sr=8-75"
"","","68","Yogi Tea Lemon Ginger Tea Bags 16 ea ( pack of 2)","Yogi","$13.29","95","1","$1263","39","4.5","97529","","Grocery & Gourmet Food","B001U2NNU6","https://www.amazon.com/Yogi-Lemon-Ginger-Bags-pack/dp/B001U2NNU6/ref=sr_1_76?dchild=1&keywords=Yogi+tea&qid=1588738389&refinements=p_85%3A2470955011&rnid=2470954011&rps=1&sr=8-76"
"","","69","Yogi Tea Herbal Tea Soothing Caramel Bedtime 1.07 oz (Pack of 2)","Yogi","$17.49","124","10","$2169","87","4.5","23792","FBA","Grocery & Gourmet Food","B01AQNA6CW","https://www.amazon.com/Yogi-Herbal-Soothing-Caramel-Bedtime/dp/B01AQNA6CW/ref=sr_1_77?dchild=1&keywords=Yogi+tea&qid=1588738389&refinements=p_85%3A2470955011&rnid=2470954011&rps=1&sr=8-77"
"","","70","Yogi Tea - Woman's Raspberry Leaf - Supports the Female System - 6 Pack 96 Tea Bags Total","Yogi","$23.04","1020","16","$23501","353","4.5","16363","","Grocery & Gourmet Food","B0009F3SFK","https://www.amazon.com/Yogi-Tea-Womans-Raspberry-Supports/dp/B0009F3SFK/ref=sr_1_78?dchild=1&keywords=Yogi+tea&qid=1588738389&refinements=p_85%3A2470955011&rnid=2470954011&rps=1&sr=8-78"
"","","71","Yogi Tea - Green Tea Pure Green Decaf - Supports Vitality - 6 Pack 96 Tea Bags Total","Yogi","$23.04","560","25","$12902","107","4.5","11567","FBA","Grocery & Gourmet Food","B0009F3SDW","https://www.amazon.com/Yogi-Tea-Green-Supports-Vitality/dp/B0009F3SDW/ref=sr_1_79?dchild=1&keywords=Yogi+tea&qid=1588738389&refinements=p_85%3A2470955011&rnid=2470954011&rps=1&sr=8-79"
"","","72","Yogi Tea - Comforting Chamomile - Soothes Mild Tension - 6 Pack 96 Tea Bags Total","Yogi","$23.04","590","28","$13594","63","4.5","10357","FBA","Grocery & Gourmet Food","B000CMF178","https://www.amazon.com/Yogi-Tea-Comforting-Chamomile-Soothes/dp/B000CMF178/ref=sr_1_80?dchild=1&keywords=Yogi+tea&qid=1588738389&refinements=p_85%3A2470955011&rnid=2470954011&rps=1&sr=8-80"
"","","73","Yogi Tea - Green Tea Energy - Supports Stamina - 6 Pack 96 Tea Bags Total","Yogi","$39.99","120","3","$4799","109","4.5","53645","FBA","Grocery & Gourmet Food","B0009F3SBE","https://www.amazon.com/Yogi-Tea-Energy-Supports-Stamina/dp/B0009F3SBE/ref=sr_1_81?dchild=1&keywords=Yogi+tea&qid=1588738389&refinements=p_85%3A2470955011&rnid=2470954011&rps=1&sr=8-81"
"","","74","Yogi Tea Refreshing Mint Vital Energy 16 Count (Pack of 6)","Yogi","$39.99","64","3","$2559","133","4.5","59381","FBA","Grocery & Gourmet Food","B004051BLS","https://www.amazon.com/Yogi-Refreshing-Vital-Energy-Count/dp/B004051BLS/ref=sr_1_82?dchild=1&keywords=Yogi+tea&qid=1588738389&refinements=p_85%3A2470955011&rnid=2470954011&rps=1&sr=8-82"
"","","75","Yogi Tea - Green Tea Pure Green Decaf (4 Pack) - Supports Vitality - 64 Tea Bags","Yogi","$15.36","255","10","$3917","2","4.5","24215","FBA","Grocery & Gourmet Food","B083T99XL6","https://www.amazon.com/Yogi-Tea-Green-Supports-Vitality/dp/B083T99XL6/ref=sr_1_83?dchild=1&keywords=Yogi+tea&qid=1588738389&refinements=p_85%3A2470955011&rnid=2470954011&rps=1&sr=8-83"
"","","76","Yogi Soothing Caramel Bedtime Tea","Yogi","$13.52","72","4","$973","15","4.5","46373","FBA","Grocery & Gourmet Food","B00H3SSJDW","https://www.amazon.com/Yogi-Soothing-Caramel-Bedtime-Tea/dp/B00H3SSJDW/ref=sr_1_84?dchild=1&keywords=Yogi+tea&qid=1588738389&refinements=p_85%3A2470955011&rnid=2470954011&rps=1&sr=8-84"
"","","77","Yogi Tea - Egyptian Licorice Mint (4 Pack) - Warming and Naturally Spicy Sweet - 64 Tea Bags","Yogi","$15.36","144","9","$2212","1","5","26000","FBA","Grocery & Gourmet Food","B083TBGNNP","https://www.amazon.com/Yogi-Tea-Egyptian-Licorice-Naturally/dp/B083TBGNNP/ref=sr_1_85?dchild=1&keywords=Yogi+tea&qid=1588738389&refinements=p_85%3A2470955011&rnid=2470954011&rps=1&sr=8-85"
"","","78","Yogi Tea - Comforting Chamomile (4 Pack) - Soothes Mild Tension - 64 Tea Bags","Yogi","$15.36","70","7","$1075","0","","32054","FBA","Grocery & Gourmet Food","B083TBH9DT","https://www.amazon.com/Yogi-Tea-Comforting-Chamomile-Soothes/dp/B083TBH9DT/ref=sr_1_86?dchild=1&keywords=Yogi+tea&qid=1588738389&refinements=p_85%3A2470955011&rnid=2470954011&rps=1&sr=8-86"
"","","79","Yogi Tea - Soothing Rose Hibiscus Skin DeTox - Supports a Healthy Glow - 6 Pack 96 Tea Bags Total","Yogi","$23.04","378","9","$8709","430","4.5","25468","FBA","Grocery & Gourmet Food","B002LL7OXM","https://www.amazon.com/Yogi-Tea-Soothing-Hibiscus-Supports/dp/B002LL7OXM/ref=sr_1_87?dchild=1&keywords=Yogi+tea&qid=1588738389&refinements=p_85%3A2470955011&rnid=2470954011&rps=1&sr=8-87"
"","","80","Yogi Tea - Cold Season (4 Pack) - Supports the Body During the Cold Weather Season - 64 Tea Bags","Yogi","$15.36","20","1","$307","0","","116141","FBA","Grocery & Gourmet Food","B083STMKYJ","https://www.amazon.com/Yogi-Tea-Season-Supports-Weather/dp/B083STMKYJ/ref=sr_1_88?dchild=1&keywords=Yogi+tea&qid=1588738389&refinements=p_85%3A2470955011&rnid=2470954011&rps=1&sr=8-88"
"","","81","Yogi Tea Mango Ginger 16 ct","Yogi Tea","$7.98","150","3","$1197","60","4.5","50456","","Grocery & Gourmet Food","B06XWSDFP9","https://www.amazon.com/Yogi-Mango-Ginger-Count-Packaging/dp/B06XWSDFP9/ref=sr_1_89?dchild=1&keywords=Yogi+tea&qid=1588738389&refinements=p_85%3A2470955011&rnid=2470954011&rps=1&sr=8-89"
"","","82","Yogi Tea - Green Tea Passion Fruit Matcha (6 Pack) - Supplies Antioxidants - 96 Tea Bags","Yogi","$23.04","94","2","$2166","26","5","74981","FBA","Grocery & Gourmet Food","B07B9LPZ4H","https://www.amazon.com/Yogi-Tea-Passion-Supplies-Antioxidants/dp/B07B9LPZ4H/ref=sr_1_90?dchild=1&keywords=Yogi+tea&qid=1588738389&refinements=p_85%3A2470955011&rnid=2470954011&rps=1&sr=8-90"
"","","83","Traditional Medicinals Organic Nighty Night Valerian Relaxation Tea 16 Tea Bags (Pack of 1)","Traditional Medicinals","$4.78","5109","65","$24421","1305","4.5","4566","AMZ","Grocery & Gourmet Food","B007IW25FQ","https://www.amazon.com/Traditional-Medicinals-Organic-Valerian-Relaxation/dp/B007IW25FQ/ref=sr_1_91?dchild=1&keywords=Yogi+tea&qid=1588738389&refinements=p_85%3A2470955011&rnid=2470954011&rps=1&sr=8-91"
"","","84","Yogi Tea Detox - Caffeine Free - 16 Tea Bags - 70%+ Organic -","Yogi","$10.99","117","5","$1286","74","4.5","39520","FBA","Grocery & Gourmet Food","B013KASNU0","https://www.amazon.com/Yogi-Tea-Detox-Caffeine-Organic/dp/B013KASNU0/ref=sr_1_92?dchild=1&keywords=Yogi+tea&qid=1588738389&refinements=p_85%3A2470955011&rnid=2470954011&rps=1&sr=8-92"
"","","85","Yogi Tea Kombucha Green Tea 16 ea ( pack of 2)","Yogi Tea","$9.87","180","4","$1777","153","4.5","49445","","Grocery & Gourmet Food","B00KPTERBE","https://www.amazon.com/Yogi-Tea-Kombucha-Green-pack/dp/B00KPTERBE/ref=sr_1_93?dchild=1&keywords=Yogi+tea&qid=1588738389&refinements=p_85%3A2470955011&rnid=2470954011&rps=1&sr=8-93"
"","","86","Yogi Teas Joint Comfort Teas 16 Count","Yogi","$11.30","30","1","$339","57","4.5","129854","FBA","Grocery & Gourmet Food","B000MMIWV0","https://www.amazon.com/Yogi-Teas-Joint-Comfort-Count/dp/B000MMIWV0/ref=sr_1_94?dchild=1&keywords=Yogi+tea&qid=1588738389&refinements=p_85%3A2470955011&rnid=2470954011&rps=1&sr=8-94"
"","","87","Yogi Tea Chai Black 16 Count (Pack of 6) Packaging May Vary","Yogi","$23.97","30","1","$719","48","4","94678","FBA","Grocery & Gourmet Food","B0009F3SAA","https://www.amazon.com/Yogi-Chai-Black-Count-Packaging/dp/B0009F3SAA/ref=sr_1_95?dchild=1&keywords=Yogi+tea&qid=1588738389&refinements=p_85%3A2470955011&rnid=2470954011&rps=1&sr=8-95"
"","","88","Yogi Tea Egyptian Licorice 16 Count","Yogi Tea","$8.29","72","1","$597","54","4.5","121297","","Grocery & Gourmet Food","B000QYCJJ0","https://www.amazon.com/Yogi-Organic-Egyptian-Licorice-Bags/dp/B000QYCJJ0/ref=sr_1_96?dchild=1&keywords=Yogi+tea&qid=1588738389&refinements=p_85%3A2470955011&rnid=2470954011&rps=1&sr=8-96"
"","","89","Yogi Tea Blackberry Moringa Green Tea 16 Count Packaging May Vary","Yogi","$14.99","35","1","$525","29","4.5","90803","","Grocery & Gourmet Food","B06XWBRZNV","https://www.amazon.com/Yogi-Blackberry-Moringa-Green-Packaging/dp/B06XWBRZNV/ref=sr_1_97?dchild=1&keywords=Yogi+tea&qid=1588738389&refinements=p_85%3A2470955011&rnid=2470954011&rps=1&sr=8-97"
"","","90","Yogi Tea Organic Bedtime 16 ct","Yogi Tea","$5.96","30","1","$179","33","4.5","109694","","Grocery & Gourmet Food","B000QUYS9S","https://www.amazon.com/Yogi-Healing-Formula-Organic-Bedtime/dp/B000QUYS9S/ref=sr_1_98?dchild=1&keywords=Yogi+tea&qid=1588738389&refinements=p_85%3A2470955011&rnid=2470954011&rps=1&sr=8-98"
"","","91","Tiesta Tea | Mango DreamZZZ Loose Leaf Mango Chamomile Herbal Tea | All Natural Caffeine Free Stress Relief Relax Sleep Tea Calming | 1.5oz Resealable Pouch - 30 Cups | Mango Herbal Tea","Tiesta Tea","$5.99","120","4","$719","971","4.5","45416","AMZ","Grocery & Gourmet Food","B01MFCYB7L","https://www.amazon.com/Chamomile-Tea-DREAMZZZ-Caffeine-Relaxer/dp/B01MFCYB7L/ref=sr_1_99?dchild=1&keywords=Yogi+tea&qid=1588738389&refinements=p_85%3A2470955011&rnid=2470954011&rps=1&sr=8-99"
"","","92","Yogi Tea Echinacea Immune Support 16 Count","Yogi Tea","$6.68","65","1","$434","101","4.5","85823","","Grocery & Gourmet Food","B000M7NH8I","https://www.amazon.com/Yogi-Herbal-Echinacea-Immune-Support/dp/B000M7NH8I/ref=sr_1_100?dchild=1&keywords=Yogi+tea&qid=1588738389&refinements=p_85%3A2470955011&rnid=2470954011&rps=1&sr=8-100"
"","","93","Yogi Tea Lemon Ginger Tea Bags 16 ea ( pack of 3)","Yogi","$29.99","0","0","$0","2","5","203076","FBA","Grocery & Gourmet Food","B002LMCGQQ","https://www.amazon.com/Yogi-Lemon-Ginger-Bags-pack/dp/B002LMCGQQ/ref=sr_1_101?dchild=1&keywords=Yogi+tea&qid=1588738389&refinements=p_85%3A2470955011&rnid=2470954011&rps=1&sr=8-101"
"","","94","Yogi Tea Ginger 1.12 Ounce","Yogi Tea","$6.00","30","1","$180","70","4.5","159883","","Grocery & Gourmet Food","B000QYCJLI","https://www.amazon.com/Yogi-Organic-Ginger-Bags-1-12/dp/B000QYCJLI/ref=sr_1_102?dchild=1&keywords=Yogi+tea&qid=1588738389&refinements=p_85%3A2470955011&rnid=2470954011&rps=1&sr=8-102"
"","","95","Yogi Tea Peach Detox Herbal Supplement Tea Bags 16 ct 2 pk","Yogi","$14.66","66","2","$968","66","4","76258","FBA","Grocery & Gourmet Food","B00KPTEO0I","https://www.amazon.com/Yogi-Peach-Detox-Herbal-Supplement/dp/B00KPTEO0I/ref=sr_1_103?dchild=1&keywords=Yogi+tea&qid=1588738389&refinements=p_85%3A2470955011&rnid=2470954011&rps=1&sr=8-103"
"","","96","Yogi Tea - Soothing Mint Get Regular - Gentle Herbal Laxative - 6 Pack 96 Tea Bags Total","Yogi","$29.99","390","15","$11696","209","4.5","17932","FBA","Grocery & Gourmet Food","B000CMF17S","https://www.amazon.com/Yogi-Tea-Soothing-Regular-Laxative/dp/B000CMF17S/ref=sr_1_104?dchild=1&keywords=Yogi+tea&qid=1588738389&refinements=p_85%3A2470955011&rnid=2470954011&rps=1&sr=8-104"
"","","97","Yogi Tea Blackberry Apple Cider Digestive Awakening 16 Count","Yogi Tea","$4.96","35","1","$174","15","4","125378","","Grocery & Gourmet Food","B07SKCHMVS","https://www.amazon.com/Yogi-Tea-Digestive-Awakening-Blackberry/dp/B07SKCHMVS/ref=sr_1_101?dchild=1&keywords=Yogi+tea&qid=1588738400&refinements=p_85%3A2470955011&rnid=2470954011&rps=1&sr=8-101"
"","","98","Traditional Medicinals Seasonal Tea Sampler Variety Pack 16 ea","Traditional Medicinals","$8.84","83","1","$734","15","4","104386","FBA","Grocery & Gourmet Food","B005UO8RZG","https://www.amazon.com/Traditional-Medicinals-Seasonal-Sampler-Variety/dp/B005UO8RZG/ref=sr_1_102?dchild=1&keywords=Yogi+tea&qid=1588738400&refinements=p_85%3A2470955011&rnid=2470954011&rps=1&sr=8-102"
"","","99","Bigelow Decaffeinated Green Tea Bags 20 Count Box (Pack of 6) Decaf Green Tea 120 Tea Bags Total","Bigelow Tea","$16.02","2700","72","$43254","419","4.5","4043","AMZ","Grocery & Gourmet Food","B000GG5J18","https://www.amazon.com/Bigelow-Decaffeinated-Tea-Individual-Sweetened/dp/B000GG5J18/ref=sr_1_103?dchild=1&keywords=Yogi+tea&qid=1588738400&refinements=p_85%3A2470955011&rnid=2470954011&rps=1&sr=8-103"
"","","100","Yogi Teas: Woman's Raspberry Leaf Tea 16 ct (3 pack)","Yogi Tea","$17.95","90","7","$1616","75","4.5","31885","FBA","Grocery & Gourmet Food","B001U2VUZG","https://www.amazon.com/Yogi-Teas-Womans-Raspberry-Leaf/dp/B001U2VUZG/ref=sr_1_104?dchild=1&keywords=Yogi+tea&qid=1588738400&refinements=p_85%3A2470955011&rnid=2470954011&rps=1&sr=8-104"
"","","101","Stash Tea Organic Tea Six Flavor Assortment 18 Count Tea Bags in Foil (Pack of 6) Individual Tea Bag Variety Pack Use in Teapots Mugs or Cups Brew Hot Tea or Iced Tea","Stash","$15.07","1196","34","$18024","183","4.5","8634","AMZ","Grocery & Gourmet Food","B005Q8BLA4","https://www.amazon.com/Stash-Tea-Organic-Assortment-Individual/dp/B005Q8BLA4/ref=sr_1_105?dchild=1&keywords=Yogi+tea&qid=1588738400&refinements=p_85%3A2470955011&rnid=2470954011&rps=1&sr=8-105"
"","","102","Traditional Medicinals Organic Echinacea Plus Seasonal Tea 16 Tea Bags (Pack of 6)","Traditional Medicinals","$26.22","1050","27","$27531","1678","5","10888","AMZ","Grocery & Gourmet Food","B0009F3PLC","https://www.amazon.com/Traditional-Medicinals-Organic-Echinacea-Seasonal/dp/B0009F3PLC/ref=sr_1_106?dchild=1&keywords=Yogi+tea&qid=1588738400&refinements=p_85%3A2470955011&rnid=2470954011&rps=1&sr=8-106"
"","","103","Yogi Tea Organic Throat Comfort Tea 16 ct","Yogi Tea","$5.89","0","0","$0","24","4.5","309531","","Grocery & Gourmet Food","B000QY7POE","https://www.amazon.com/Yogi-Organic-Throat-Comfort-Bags/dp/B000QY7POE/ref=sr_1_107?dchild=1&keywords=Yogi+tea&qid=1588738400&refinements=p_85%3A2470955011&rnid=2470954011&rps=1&sr=8-107"
"","","104","Yogi Tea - Joint Comfort - Supports Healthy Joints - 6 Pack 96 Tea Bags Total","Yogi","$39.99","60","1","$2399","128","4","98530","FBA","Grocery & Gourmet Food","B000CMIYZE","https://www.amazon.com/Yogi-Tea-Comfort-Supports-Healthy/dp/B000CMIYZE/ref=sr_1_108?dchild=1&keywords=Yogi+tea&qid=1588738400&refinements=p_85%3A2470955011&rnid=2470954011&rps=1&sr=8-108"
"","","105","Yogi Tea Raspberry Passion Perfect Energy 16 Count","Yogi","$6.98","67","3","$468","259","4.5","50819","","Grocery & Gourmet Food","B00EIB0T6W","https://www.amazon.com/Yogi-Raspberry-Passion-Perfect-Energy/dp/B00EIB0T6W/ref=sr_1_109?dchild=1&keywords=Yogi+tea&qid=1588738400&refinements=p_85%3A2470955011&rnid=2470954011&rps=1&sr=8-109"
"","","106","Yogi Teas Tea Rspbry Pssn Prfct Energy16 Each (pack of 3)","Yogi","$18.78","20","0","$376","19","4.5","219966","FBA","Grocery & Gourmet Food","B00H9IYNJK","https://www.amazon.com/Yogi-Teas-Rspbry-Prfct-Energy/dp/B00H9IYNJK/ref=sr_1_110?dchild=1&keywords=Yogi+tea&qid=1588738400&refinements=p_85%3A2470955011&rnid=2470954011&rps=1&sr=8-110"
"","","107","Yogi Herbal Tea Bags Berry DeTox 16 ea ( pack of 2)","YOGI","$10.99","30","2","$330","24","4","73171","FBA","Grocery & Gourmet Food","B01AQN7BQQ","https://www.amazon.com/Yogi-Herbal-Bags-Berry-DeTox/dp/B01AQN7BQQ/ref=sr_1_111?dchild=1&keywords=Yogi+tea&qid=1588738400&refinements=p_85%3A2470955011&rnid=2470954011&rps=1&sr=8-111"
"","","108","Bigelow Lemon Ginger with Probiotics 18 Count Box Pack of 6 Boxes 108 Tea bags Total","Bigelow Tea","$14.52","8808","206","$127892","3936","4.5","1030","AMZ","Grocery & Gourmet Food","B002XWSNCA","https://www.amazon.com/Bigelow-Tea-Ginger-18-Count-Total/dp/B002XWSNCA/ref=sr_1_112?dchild=1&keywords=Yogi+tea&qid=1588738400&refinements=p_85%3A2470955011&rnid=2470954011&rps=1&sr=8-112"
"","","109","Yogi Tea DeTox Tea (3 Boxes)","Yogi","$18.89","40","1","$756","46","4","146864","FBA","Grocery & Gourmet Food","B01CGV6C5M","https://www.amazon.com/Yogi-Tea-DeTox-Boxes/dp/B01CGV6C5M/ref=sr_1_113?dchild=1&keywords=Yogi+tea&qid=1588738400&refinements=p_85%3A2470955011&rnid=2470954011&rps=1&sr=8-113"
"","","110","VitaCup Beauty Blend Infused Tea 14 ct |Keto|Paleo| Jasmine Herbal Rooibos Caffeine Free Tea with Collagen Types I & III Biotin (B7) & Methylfolate (B9) Helps Support Healthy Hair Skin & Nails","VitaCup","$5.87","1096","28","$6434","283","4.5","10471","FBA","Grocery & Gourmet Food","B07QPCDJBT","https://www.amazon.com/VitaCup-Infused-Jasmine-Caffeine-Collagen/dp/B07QPCDJBT/ref=sr_1_114?dchild=1&keywords=Yogi+tea&qid=1588738400&refinements=p_85%3A2470955011&rnid=2470954011&rps=1&sr=8-114"
"","","111","Yogi Tea Cold Season - Caffeine Free - 16 Tea Bags - USDA Organic - 100% Natural Herbal Supplement","Yogi","$10.14","0","0","$0","5","4","260710","FBA","Grocery & Gourmet Food","B013KASJLI","https://www.amazon.com/Yogi-Tea-Cold-Season-Supplement/dp/B013KASJLI/ref=sr_1_115?dchild=1&keywords=Yogi+tea&qid=1588738400&refinements=p_85%3A2470955011&rnid=2470954011&rps=1&sr=8-115"
"","","112","Yogi Tea Berry DeTox 16 Count","Yogi Tea","$8.79","135","2","$1187","119","4.5","70632","","Grocery & Gourmet Food","B00EIB0LUQ","https://www.amazon.com/Yogi-Herbal-Bags-Berry-DeTox/dp/B00EIB0LUQ/ref=sr_1_116?dchild=1&keywords=Yogi+tea&qid=1588738400&refinements=p_85%3A2470955011&rnid=2470954011&rps=1&sr=8-116"
"","","113","Yogi Tea Herbal Stress Relief Honey Lavender 16 ct","Yogi Tea","$6.99","180","8","$1258","1487","4.5","29637","","Grocery & Gourmet Food","B007M8FRV0","https://www.amazon.com/Yogi-Lavender-Stress-Relief-Packaging/dp/B007M8FRV0/ref=sr_1_121?dchild=1&keywords=Yogi+tea&qid=1588738400&refinements=p_85%3A2470955011&rnid=2470954011&rps=1&sr=8-121"
"","","114","Yogi Limited Release Seasonal Pumpkin Spice Tea - Caffeine Free Herbal Tea (16 Tea Bags - Net Wt 1.12 Oz)","Yogi","$15.99","15","0","$240","0","","273182","FBA","Grocery & Gourmet Food","B0825BS6C7","https://www.amazon.com/Yogi-Limited-Release-Seasonal-Pumpkin/dp/B0825BS6C7/ref=sr_1_122?dchild=1&keywords=Yogi+tea&qid=1588738400&refinements=p_85%3A2470955011&rnid=2470954011&rps=1&sr=8-122"
"","","115","Yogi Tea Chai Green Tea 16 ea (pack of 6)","Yogi","$33.00","30","1","$990","57","4.5","126636","FBA","Grocery & Gourmet Food","B000CMD68O","https://www.amazon.com/Yogi-Tea-Chai-Green-pack/dp/B000CMD68O/ref=sr_1_123?dchild=1&keywords=Yogi+tea&qid=1588738400&refinements=p_85%3A2470955011&rnid=2470954011&rps=1&sr=8-123"
"","","116","Yogi Herbal Tea Bags Calming 16 ea","Yogi","$9.50","65","3","$618","7","5","56240","FBA","Grocery & Gourmet Food","B0070Z5KOY","https://www.amazon.com/Yogi-Herbal-Tea-Bags-Calming/dp/B0070Z5KOY/ref=sr_1_124?dchild=1&keywords=Yogi+tea&qid=1588738400&refinements=p_85%3A2470955011&rnid=2470954011&rps=1&sr=8-124"
"","","117","Yogi Tea DeTox & Wellness Tea 3 Flavor Variety Pack (Pack of 6)","Yogi","$36.98","15","0","$555","15","3.5","178357","FBA","Grocery & Gourmet Food","B00UI1QMYY","https://www.amazon.com/Yogi-DeTox-Wellness-Flavor-Variety/dp/B00UI1QMYY/ref=sr_1_125?dchild=1&keywords=Yogi+tea&qid=1588738400&refinements=p_85%3A2470955011&rnid=2470954011&rps=1&sr=8-125"
"","","118","Celestial Seasonings Wellness Tea Sleepytime Extra 20 Count Box (Pack of 6)","Celestial Seasonings","$16.08","5111","142","$82185","587","4.5","1755","AMZ","Grocery & Gourmet Food","B000E65OQA","https://www.amazon.com/Celestial-Seasonings-Sleepytime-Extra-Count/dp/B000E65OQA/ref=sr_1_126?dchild=1&keywords=Yogi+tea&qid=1588738400&refinements=p_85%3A2470955011&rnid=2470954011&rps=1&sr=8-126"
"","","119","Yogi Herbal Green Tea Super Antioxidant 16 ct","Yogi","$7.50","24","1","$180","62","4","142921","","Grocery & Gourmet Food","B000OO1WQI","https://www.amazon.com/Yogi-Herbal-Green-Super-Antioxidant/dp/B000OO1WQI/ref=sr_1_127?dchild=1&keywords=Yogi+tea&qid=1588738400&refinements=p_85%3A2470955011&rnid=2470954011&rps=1&sr=8-127"
"","","120","Yogi 27036-3pack Yogi Bedtime Tea - 3x16 bag","Yogi","$23.99","0","0","$0","0","","175297","FBA","Grocery & Gourmet Food","B005ZSFJJO","https://www.amazon.com/Yogi-27036-3pack-Bedtime-Tea-3x16/dp/B005ZSFJJO/ref=sr_1_128?dchild=1&keywords=Yogi+tea&qid=1588738400&refinements=p_85%3A2470955011&rnid=2470954011&rps=1&sr=8-128"
"","","121","Yogi Tea Peach Detox 16 Count Packaging May Vary","Yogi","$7.00","0","0","$0","31","4","180950","","Grocery & Gourmet Food","B01I50CXQU","https://www.amazon.com/Yogi-Peach-DeTox-Count-Packaging/dp/B01I50CXQU/ref=sr_1_129?dchild=1&keywords=Yogi+tea&qid=1588738400&refinements=p_85%3A2470955011&rnid=2470954011&rps=1&sr=8-129"
"","","122","Yogi Healing Formula Organic Tea Soothing Mint Get Regular 16 ea ( pack of 2)","Yogi Tea","$20.95","30","3","$629","12","5","59021","FBA","Grocery & Gourmet Food","B00U9MLEUO","https://www.amazon.com/Healing-Formula-Organic-Soothing-Regular/dp/B00U9MLEUO/ref=sr_1_130?dchild=1&keywords=Yogi+tea&qid=1588738400&refinements=p_85%3A2470955011&rnid=2470954011&rps=1&sr=8-130"
"","","123","Traditional Medicinals Organic Roasted Dandelion Root Herbal Tea 16 Tea Bags (Pack of 6)","Traditional Medicinals","$25.99","3944","109","$102505","5964","4.5","2480","AMZ","Grocery & Gourmet Food","B0009F3S78","https://www.amazon.com/Traditional-Medicinals-Organic-Roasted-Dandelion/dp/B0009F3S78/ref=sr_1_131?dchild=1&keywords=Yogi+tea&qid=1588738400&refinements=p_85%3A2470955011&rnid=2470954011&rps=1&sr=8-131"
"","","124","Yogi Tea Raspberry Passion Perfect Energy Tea 96 Count","Yogi","$30.49","15","0","$457","2","5","193712","AMZ","Grocery & Gourmet Food","B01ANU9LU6","https://www.amazon.com/Yogi-Raspberry-Passion-Perfect-Energy/dp/B01ANU9LU6/ref=sr_1_132?dchild=1&keywords=Yogi+tea&qid=1588738400&refinements=p_85%3A2470955011&rnid=2470954011&rps=1&sr=8-132"
"","","125","Pukka Herbs Night Time Organic Herbal Tea With Valerian (3 Pack 60 Tea Bags)","Pukka Herbs","$14.97","372","24","$5569","114","4.5","12026","AMZ","Grocery & Gourmet Food","B07CCVYF2X","https://www.amazon.com/Pukka-Night-Organic-Herbal-Valerian/dp/B07CCVYF2X/ref=sr_1_133?dchild=1&keywords=Yogi+tea&qid=1588738400&refinements=p_85%3A2470955011&rnid=2470954011&rps=1&sr=8-133"
"","","126","Yogi Tea16 Tea Bags (Perfect Energy Raspberry Passion 1 Pack)","Yogi Tea","$7.49","38","2","$285","27","4","76343","FBA","Grocery & Gourmet Food","B018F2CK3O","https://www.amazon.com/Yogi-Perfect-Energy-Raspberry-Passion/dp/B018F2CK3O/ref=sr_1_134?dchild=1&keywords=Yogi+tea&qid=1588738400&refinements=p_85%3A2470955011&rnid=2470954011&rps=1&sr=8-134"
"","","127","Yogi Herbal Tea Bags Purely Peppermint 16 ea","Yogi","$12.29","90","3","$1106","3","5","53452","FBA","Grocery & Gourmet Food","B00EZLIC1Y","https://www.amazon.com/Yogi-Herbal-Bags-Purely-Peppermint/dp/B00EZLIC1Y/ref=sr_1_135?dchild=1&keywords=Yogi+tea&qid=1588738400&refinements=p_85%3A2470955011&rnid=2470954011&rps=1&sr=8-135"
"","","128","Yogi Herbal Tea Skin Detox 16 ea ( Packs of 3)","Yogi","$16.99","75","5","$1274","52","4.5","39990","FBA","Grocery & Gourmet Food","B005761OKC","https://www.amazon.com/Yogi-Herbal-Skin-Detox-Packs/dp/B005761OKC/ref=sr_1_136?dchild=1&keywords=Yogi+tea&qid=1588738400&refinements=p_85%3A2470955011&rnid=2470954011&rps=1&sr=8-136"
"","","129","Yogi Women's Raspberry Leaf Tea","Yogi","$6.99","90","3","$629","39","4.5","53651","","Grocery & Gourmet Food","B00H3SXWIY","https://www.amazon.com/Yogi-Raspberry-Leaf-para-mujer/dp/B00H3SXWIY/ref=sr_1_137?dchild=1&keywords=Yogi+tea&qid=1588738400&refinements=p_85%3A2470955011&rnid=2470954011&rps=1&sr=8-137"
"","","130","Traditional Medicinals Organic Smooth Move Senna Laxative Tea 16 Tea Bags (Pack of 6)","Traditional Medicinals","$27.12","4066","146","$110270","1143","4.5","1695","AMZ","Grocery & Gourmet Food","B0009F3PJE","https://www.amazon.com/Traditional-Medicinals-Organic-Smooth-Laxative/dp/B0009F3PJE/ref=sr_1_138?dchild=1&keywords=Yogi+tea&qid=1588738400&refinements=p_85%3A2470955011&rnid=2470954011&rps=1&sr=8-138"
"","","131","Organic Calming Vata Herbal Tea |16 Tea Bags","Maharishi Ayurveda","$5.95","234","14","$1392","303","4.5","18432","FBA","Grocery & Gourmet Food","B0080E80G4","https://www.amazon.com/Organic-Calming-Vata-Herbal-Bags/dp/B0080E80G4/ref=sr_1_139?dchild=1&keywords=Yogi+tea&qid=1588738400&refinements=p_85%3A2470955011&rnid=2470954011&rps=1&sr=8-139"
"","","132","Yogi Tea Echinacea Immune Support Herbal Supplement Tea Bags 16 ct 3 pk","Yogi Tea","$17.59","19","1","$334","35","4.5","112119","","Grocery & Gourmet Food","B00KPTGZ5U","https://www.amazon.com/Yogi-Echinacea-Immune-Support-Supplement/dp/B00KPTGZ5U/ref=sr_1_140?dchild=1&keywords=Yogi+tea&qid=1588738400&refinements=p_85%3A2470955011&rnid=2470954011&rps=1&sr=8-140"
"","","133","TotalTea Caffeine Free Detox Tea - All Natural - Slimming Herbal Tea for Gentle Cleansing - 25 Teabags","Total Tea","$19.98","4526","192","$90429","2988","4.5","1147","FBA","Grocery & Gourmet Food","B007XIMA32","https://www.amazon.com/Total-Tea-Gentle-Detox-Teabags/dp/B007XIMA32/ref=sr_1_141?dchild=1&keywords=Yogi+tea&qid=1588738400&refinements=p_85%3A2470955011&rnid=2470954011&rps=1&sr=8-141"
"","","134","YOGI TEAS/Golden Temple Tea CO Stomach Ease Tea 16 Bag","Yogi","$8.79","84","2","$738","89","4.5","80845","","Grocery & Gourmet Food","B0013JV6EQ","https://www.amazon.com/YOGI-TEAS-GOLDEN-TEMPLE-Stomach/dp/B0013JV6EQ/ref=sr_1_142?dchild=1&keywords=Yogi+tea&qid=1588738400&refinements=p_85%3A2470955011&rnid=2470954011&rps=1&sr=8-142"
"","","135","Wisdom of the Ancients Organic Yerba Mat Tea Bags Masala 1.1 oz","WISDOM OF THE ANCIENTS","$5.16","30","1","$155","5","4.5","102373","FBA","Grocery & Gourmet Food","B07BDW46TT","https://www.amazon.com/Wisdom-Ancients-Organic-Yerba-Masala/dp/B07BDW46TT/ref=sr_1_143?dchild=1&keywords=Yogi+tea&qid=1588738400&refinements=p_85%3A2470955011&rnid=2470954011&rps=1&sr=8-143"
"","","136","Dandelion Root Tea Detox Tea - Raw Organic Vitamin Rich Digestive - 1 Pack (20 Bags 2 grams each) - Helps Improve Digestion and Immune System - Anti-inflammatory and Antioxidant","Kiss Me Organics","$8.99","8176","274","$73502","4585","4.5","650","FBA","Grocery & Gourmet Food","B00W2YP17E","https://www.amazon.com/Dandelion-Root-Tea-Detox-Anti-inflammatory/dp/B00W2YP17E/ref=sr_1_144?dchild=1&keywords=Yogi+tea&qid=1588738400&refinements=p_85%3A2470955011&rnid=2470954011&rps=1&sr=8-144"
"","","137","Bigelow Lemon Ginger Herbal Tea Bags 28-Count Box (Pack of 1) Lemon Ginger Tea Bags Herbal Tea All Natural Gluten Free","Bigelow Tea","$6.99","405","24","$2831","666","4.5","12093","FBA","Grocery & Gourmet Food","B07XF4MT77","https://www.amazon.com/Bigelow-Ginger-Tea-28-Count-Natural/dp/B07XF4MT77/ref=sr_1_145?dchild=1&keywords=Yogi+tea&qid=1588738400&refinements=p_85%3A2470955011&rnid=2470954011&rps=1&sr=8-145"
"","","138","Yogi Tea Co Organic Kombucha Green Tea - 16 bags per pack - 6 packs per case.","Yogi","$33.82","0","0","$0","0","","265914","FBA","Grocery & Gourmet Food","B0078U5Q04","https://www.amazon.com/Yogi-Tea-Organic-Kombucha-Green/dp/B0078U5Q04/ref=sr_1_146?dchild=1&keywords=Yogi+tea&qid=1588738400&refinements=p_85%3A2470955011&rnid=2470954011&rps=1&sr=8-146"
"","","139","Yogi Tea Comforting Chamomile 16 Count","Yogi Tea","$8.06","45","0","$363","57","4.5","170388","","Grocery & Gourmet Food","B001AG6AKW","https://www.amazon.com/Yogi-Tea-Comforting-Chamomile-0-85/dp/B001AG6AKW/ref=sr_1_147?dchild=1&keywords=Yogi+tea&qid=1588738400&refinements=p_85%3A2470955011&rnid=2470954011&rps=1&sr=8-147"
"","","140","Yogi Tea Lemon Ginger Tea Bags 16 ea","Yogi","$12.90","25","0","$323","50","4","195881","","Grocery & Gourmet Food","B006L7ZF8S","https://www.amazon.com/Yogi-Tea-Lemon-Ginger-Bags/dp/B006L7ZF8S/ref=sr_1_148?dchild=1&keywords=Yogi+tea&qid=1588738400&refinements=p_85%3A2470955011&rnid=2470954011&rps=1&sr=8-148"
"","","141","Lifestyle Awareness Teas Caffeine Free Dandy Liver Detox Tea 20 Count","Lifestyle Awareness","$5.95","1211","36","$7205","228","4.5","8281","AMZ","Grocery & Gourmet Food","B00FNTCAKQ","https://www.amazon.com/Lifestyle-Awareness-Caffeine-Dandy-Liver/dp/B00FNTCAKQ/ref=sr_1_149?dchild=1&keywords=Yogi+tea&qid=1588738400&refinements=p_85%3A2470955011&rnid=2470954011&rps=1&sr=8-149"
"","","142","Yogi Tea Relaxed Mind 16 Count","Yogi","$9.99","25","1","$250","116","4.5","112788","","Grocery & Gourmet Food","B001394BW0","https://www.amazon.com/Yogi-Herbal-Teas-Relaxed-Mind/dp/B001394BW0/ref=sr_1_150?dchild=1&keywords=Yogi+tea&qid=1588738400&refinements=p_85%3A2470955011&rnid=2470954011&rps=1&sr=8-150"
"","","143","Yogi Tea Purely Peppermint 16 Count","Yogi Tea","$8.99","20","0","$180","63","5","203893","","Grocery & Gourmet Food","B000EQ6N38","https://www.amazon.com/Yogi-Herbal-Bags-Purely-Peppermint/dp/B000EQ6N38/ref=sr_1_151?dchild=1&keywords=Yogi+tea&qid=1588738400&refinements=p_85%3A2470955011&rnid=2470954011&rps=1&sr=8-151"
"","","144","Traditional Medicinals Organic Healthy Cycle Women's Tea 16 Tea Bags (Pack of 6)","Traditional Medicinals","$24.00","460","19","$11040","3260","4.5","14391","AMZ","Grocery & Gourmet Food","B000EJNL26","https://www.amazon.com/Traditional-Medicinals-Organic-Healthy-Raspberry/dp/B000EJNL26/ref=sr_1_152?dchild=1&keywords=Yogi+tea&qid=1588738400&refinements=p_85%3A2470955011&rnid=2470954011&rps=1&sr=8-152"
"","","145","Yogi Tea Throat Comfort - 16 Tea Bags","Yogi","$8.99","12","0","$108","41","4.5","222006","","Grocery & Gourmet Food","B0001VVPJS","https://www.amazon.com/Yogi-Tea-Throat-Comfort-Bags/dp/B0001VVPJS/ref=sr_1_149?dchild=1&keywords=Yogi+tea&qid=1588738415&refinements=p_85%3A2470955011&rnid=2470954011&rps=1&sr=8-149"
"","","146","Yogi Organic Peach Detox Tea 16 ct","Yogi","$7.54","49","3","$369","313","4","51559","FBA","Grocery & Gourmet Food","B000Z91HN0","https://www.amazon.com/Yogi-Organic-Peach-Detox-Tea/dp/B000Z91HN0/ref=sr_1_150?dchild=1&keywords=Yogi+tea&qid=1588738415&refinements=p_85%3A2470955011&rnid=2470954011&rps=1&sr=8-150"
"","","147","Stash Tea Licorice Spice Herbal Tea 20 Count Tea Bags in Foil (Pack of 6) Tea Bags Individually Wrapped in Foil (packaging may vary) Naturally Sweet Herbal Tisane Zero Caffeine Drink Hot or Iced","Stash","$16.14","970","38","$15656","341","4.5","7892","AMZ","Grocery & Gourmet Food","B000CQIDHE","https://www.amazon.com/Stash-Tea-Individually-packaging-Naturally/dp/B000CQIDHE/ref=sr_1_151?dchild=1&keywords=Yogi+tea&qid=1588738415&refinements=p_85%3A2470955011&rnid=2470954011&rps=1&sr=8-151"
"","","148","Numi Organic Tea Rooibos Chai 18 Count Box of Tea Bags Herbal Teasan Caffeine-Free (Packaging May Vary)","Numi","$5.14","2758","85","$14176","593","4.5","3349","AMZ","Grocery & Gourmet Food","B000LWCR26","https://www.amazon.com/Numi-Organic-Rooibos-Caffeine-Free-Packaging/dp/B000LWCR26/ref=sr_1_152?dchild=1&keywords=Yogi+tea&qid=1588738415&refinements=p_85%3A2470955011&rnid=2470954011&rps=1&sr=8-152"
"","","149","Newman's Own Organics Green Tea 40 Individually Wrapped Tea Bags (Pack of 6)","Newman's Own","$17.23","1302","26","$22433","883","4.5","11290","AMZ","Grocery & Gourmet Food","B00GPUEYDI","https://www.amazon.com/Newmans-Own-Organics-Green-Count/dp/B00GPUEYDI/ref=sr_1_153?dchild=1&keywords=Yogi+tea&qid=1588738415&refinements=p_85%3A2470955011&rnid=2470954011&rps=1&sr=8-153"
"","","150","Yogi Tea Cinnamon Berry Probiotic Balance 16 ea","Yogi","$7.47","24","1","$179","10","3.5","121230","","Grocery & Gourmet Food","B00X9XOOVQ","https://www.amazon.com/Yogi-Cinnamon-Berry-Probiotic-Balance/dp/B00X9XOOVQ/ref=sr_1_154?dchild=1&keywords=Yogi+tea&qid=1588738415&refinements=p_85%3A2470955011&rnid=2470954011&rps=1&sr=8-154"
"","","151","Yogi Tea Kava Stress Relief 16 Count","Yogi Tea","$8.58","60","2","$515","299","4.5","76828","","Grocery & Gourmet Food","B00016AU3K","https://www.amazon.com/Yogi-Kava-Stress-Relief-Pack/dp/B00016AU3K/ref=sr_1_155?dchild=1&keywords=Yogi+tea&qid=1588738415&refinements=p_85%3A2470955011&rnid=2470954011&rps=1&sr=8-155"
"","","152","Teavana Jade Citrus Mint Green Tea With Spearmint and Lemongrass 60 Count (4 packs of 15 sachets)","Teavana","$21.88","3985","128","$87192","1725","4.5","2030","AMZ","Grocery & Gourmet Food","B07GFPMRWP","https://www.amazon.com/Teavana-Citrus-Spearmint-Lemongrass-sachets/dp/B07GFPMRWP/ref=sr_1_156?dchild=1&keywords=Yogi+tea&qid=1588738415&refinements=p_85%3A2470955011&rnid=2470954011&rps=1&sr=8-156"
"","","153","Yogi Blackberry Moringa Green Tea 16 tea bags per pack - 6 per case.","Yogi","$44.99","23","0","$1035","2","5","211914","FBA","Grocery & Gourmet Food","B071JTBNXR","https://www.amazon.com/Yogi-Blackberry-Moringa-Green-bags/dp/B071JTBNXR/ref=sr_1_157?dchild=1&keywords=Yogi+tea&qid=1588738415&refinements=p_85%3A2470955011&rnid=2470954011&rps=1&sr=8-157"
"","","154","Yogi Tea Stomach Ease - Caffeine Free - 16 Tea Bags - 95%+ Organic -","Yogi","$14.99","24","1","$360","7","4.5","135807","FBA","Grocery & Gourmet Food","B013KATWPU","https://www.amazon.com/Yogi-Tea-Stomach-Ease-Caffeine/dp/B013KATWPU/ref=sr_1_158?dchild=1&keywords=Yogi+tea&qid=1588738415&refinements=p_85%3A2470955011&rnid=2470954011&rps=1&sr=8-158"
"","","155","Stash Tea Minty Licorice Delight Herbal Tea 100 Count Tea Bags (packaging may vary) Individual Herbal Tea Bags for Use in Teapots Mugs or Cups Brew Hot Tea or Iced Tea","Stash","$14.12","300","9","$4236","57","4","25068","AMZ","Grocery & Gourmet Food","B01N12MOGQ","https://www.amazon.com/Stash-Tea-Licorice-packaging-Individual/dp/B01N12MOGQ/ref=sr_1_159?dchild=1&keywords=Yogi+tea&qid=1588738415&refinements=p_85%3A2470955011&rnid=2470954011&rps=1&sr=8-159"
"","","156","Yogi Tea Vanilla Spice Perfect Energy Tea Bags - 16 ct","Yogi Tea","$8.49","25","1","$212","90","4.5","90628","","Grocery & Gourmet Food","B00NAZONO6","https://www.amazon.com/Yogi-Vanilla-Spice-Perfect-Energy/dp/B00NAZONO6/ref=sr_1_160?dchild=1&keywords=Yogi+tea&qid=1588738415&refinements=p_85%3A2470955011&rnid=2470954011&rps=1&sr=8-160"
"","","157","Twinings of London Daily Wellness Tea Comfort Joint Health Turmeric Coconut & Ginger Flavored Herbal Tea 18 Count","Twinings","$10.30","60","1","$618","62","4.5","106943","AMZ","Grocery & Gourmet Food","B07V91BNGP","https://www.amazon.com/Twinings-Wellness-Comfort-Turmeric-Flavored/dp/B07V91BNGP/ref=sr_1_161?dchild=1&keywords=Yogi+tea&qid=1588738415&refinements=p_85%3A2470955011&rnid=2470954011&rps=1&sr=8-161"
"","","158","Numi Organic Tea Aged Earl Grey 16 Ounce Pouch Loose Leaf Black Tea (Packaging May Vary)","Numi","$18.84","1327","45","$25001","682","4.5","6681","AMZ","Grocery & Gourmet Food","B00G9NQXZS","https://www.amazon.com/Numi-Organic-Tea-Ounce-Packaging/dp/B00G9NQXZS/ref=sr_1_162?dchild=1&keywords=Yogi+tea&qid=1588738415&refinements=p_85%3A2470955011&rnid=2470954011&rps=1&sr=8-162"
"","","159","Yogi Tea - Green Tea Kombucha Decaf - Supplies Antioxidants - 6 Pack 96 Tea Bags Total","Yogi","$69.99","45","2","$3150","117","4.5","63766","FBA","Grocery & Gourmet Food","B000CMIZ0I","https://www.amazon.com/Yogi-Tea-Kombucha-Supplies-Antioxidants/dp/B000CMIZ0I/ref=sr_1_163?dchild=1&keywords=Yogi+tea&qid=1588738415&refinements=p_85%3A2470955011&rnid=2470954011&rps=1&sr=8-163"
"","","160","Twinings of London Pure Peppermint Herbal Tea Bags 20 Count (Pack of 1)","Twinings","$3.12","11124","340","$34707","9492","4.5","441","AMZ","Grocery & Gourmet Food","B009L6Q2YW","https://www.amazon.com/Twinings-London-Peppermint-Herbal-Count/dp/B009L6Q2YW/ref=sr_1_164?dchild=1&keywords=Yogi+tea&qid=1588738415&refinements=p_85%3A2470955011&rnid=2470954011&rps=1&sr=8-164"
"","","161","Traditional Medicinals Tea Organic Dandelion Leaf and Root Tea 16 Bags","Traditional Medicinals","$4.52","3410","198","$15413","332","4.5","1093","AMZ","Grocery & Gourmet Food","B00JFTSUV8","https://www.amazon.com/Traditional-Medicinals-Tea-Organic-Count/dp/B00JFTSUV8/ref=sr_1_169?dchild=1&keywords=Yogi+tea&qid=1588738415&refinements=p_85%3A2470955011&rnid=2470954011&rps=1&sr=8-169"
"","","162","Yogi Tea Kava Stress Relief Herbal Supplement Tea Bags 16 ct 2 pk","Yogi","$11.49","36","2","$414","12","4","83990","","Grocery & Gourmet Food","B00KPTDO3G","https://www.amazon.com/Yogi-Stress-Relief-Herbal-Supplement/dp/B00KPTDO3G/ref=sr_1_170?dchild=1&keywords=Yogi+tea&qid=1588738415&refinements=p_85%3A2470955011&rnid=2470954011&rps=1&sr=8-170"
"","","163","Feel Better Herbal Tea - Immune Support for Cold and Flu Symptoms Immune Booster w/ Echinacea  Elderberry  Vitamin C  Ginseng  Ginger | Thoughtful Gifts For Women","Hey Girl Tea","$19.99","2065","71","$41279","767","4.5","4105","FBA","Grocery & Gourmet Food","B0171QKB7C","https://www.amazon.com/Immune-System-Booster-Relieves-Supplement/dp/B0171QKB7C/ref=sr_1_171?dchild=1&keywords=Yogi+tea&qid=1588738415&refinements=p_85%3A2470955011&rnid=2470954011&rps=1&sr=8-171"
"","","164","Yogi Tea Green Tea Kombucha 16 Count","Yogi","$7.99","30","1","$240","193","4.5","106805","","Grocery & Gourmet Food","B01ANU9HNM","https://www.amazon.com/Yogi-Tea-Kombucha-Green-16/dp/B01ANU9HNM/ref=sr_1_172?dchild=1&keywords=Yogi+tea&qid=1588738415&refinements=p_85%3A2470955011&rnid=2470954011&rps=1&sr=8-172"
"","","165","Gaia Herbs Sleep and Relax Herbal Tea Bags 16 Count (Packaging may vary)","Gaia Herbs","$5.99","1458","31","$8733","155","4.5","9489","AMZ","Grocery & Gourmet Food","B005TSTBYE","https://www.amazon.com/Gaia-Herbs-Sleep-Relax-Herbal/dp/B005TSTBYE/ref=sr_1_173?dchild=1&keywords=Yogi+tea&qid=1588738415&refinements=p_85%3A2470955011&rnid=2470954011&rps=1&sr=8-173"
"","","166","Traditional Medicinals Organic Smooth Move Chamomile 16 Ct","Traditional Medicinals","$4.78","1655","184","$7911","616","4.5","1225","AMZ","Grocery & Gourmet Food","B004TRUDSO","https://www.amazon.com/Traditional-Medicinals-Organic-Smooth-Chamomile/dp/B004TRUDSO/ref=sr_1_174?dchild=1&keywords=Yogi+tea&qid=1588738415&refinements=p_85%3A2470955011&rnid=2470954011&rps=1&sr=8-174"
"","","167","Organic Elderberry Tea 18 Bleach-Free Tea Bags  Organic Tea Strengthens the Immune System Supports Upper Respiratory Health and Is a Great Source of Antioxidants No GMOs","Buddha Teas","$8.99","1308","114","$11759","789","4","2341","FBA","Grocery & Gourmet Food","B00DLJ4JE0","https://www.amazon.com/Organic-Elderberry-Tea-Caffeine-Free-Bleach-Free/dp/B00DLJ4JE0/ref=sr_1_175?dchild=1&keywords=Yogi+tea&qid=1588738415&refinements=p_85%3A2470955011&rnid=2470954011&rps=1&sr=8-175"
"","","168","Trader Joes Organic Ginger Turmeric Herbal Tea 20 envelopes each (Pack of 2)","Trader Joe's","$17.85","1168","41","$20849","203","4.5","7274","FBA","Grocery & Gourmet Food","B01M08SZEL","https://www.amazon.com/Trader-Joes-Organic-Turmeric-envelopes/dp/B01M08SZEL/ref=sr_1_176?dchild=1&keywords=Yogi+tea&qid=1588738415&refinements=p_85%3A2470955011&rnid=2470954011&rps=1&sr=8-176"
"","","169","Yogi Organic Tea Refreshing Mint Vital Energy 16 ea","Yogi","$9.80","23","1","$225","14","3.5","136307","","Grocery & Gourmet Food","B0042C7ORE","https://www.amazon.com/Yogi-Organic-Refreshing-Vital-Energy/dp/B0042C7ORE/ref=sr_1_177?dchild=1&keywords=Yogi+tea&qid=1588738415&refinements=p_85%3A2470955011&rnid=2470954011&rps=1&sr=8-177"
"","","170","Traditional Medicinals Organic Mothers Milk Women's Tea 32 Tea Bags (Pack of 3)","Traditional Medicinals","$26.22","4269","118","$111933","274","4.5","2255","AMZ","Grocery & Gourmet Food","B071R56Y17","https://www.amazon.com/Traditional-Medicinals-Organic-Mothers-Womens/dp/B071R56Y17/ref=sr_1_178?dchild=1&keywords=Yogi+tea&qid=1588738415&refinements=p_85%3A2470955011&rnid=2470954011&rps=1&sr=8-178"
"","","171","The Republic of Tea Organic Turmeric Ginger Green Tea 50 Tea Bags Gourmet Green Tea And Turmeric Tea","The Republic of Tea","$13.25","2351","131","$31151","691","4.5","1960","FBA","Grocery & Gourmet Food","B016R8QM50","https://www.amazon.com/Republic-Tea-Organic-Turmeric-Gourmet/dp/B016R8QM50/ref=sr_1_179?dchild=1&keywords=Yogi+tea&qid=1588738415&refinements=p_85%3A2470955011&rnid=2470954011&rps=1&sr=8-179"
"","","172","Yogi Tea Honey Lemon Throat Comfort 16 Count","Yogi Tea","$8.99","30","0","$270","54","4.5","183446","","Grocery & Gourmet Food","B000QVBLBA","https://www.amazon.com/Yogi-Throat-Comfort-Honey-Lemon/dp/B000QVBLBA/ref=sr_1_180?dchild=1&keywords=Yogi+tea&qid=1588738415&refinements=p_85%3A2470955011&rnid=2470954011&rps=1&sr=8-180"
"","","173","Yogi Tea Healthy Fasting Herbal Supplement Tea Bags 16 Count (Pack of 3)","Yogi Tea","$19.99","12","0","$240","3","3","222622","FBA","Grocery & Gourmet Food","B00KPTH59K","https://www.amazon.com/Yogi-Healthy-Fasting-Herbal-Supplement/dp/B00KPTH59K/ref=sr_1_181?dchild=1&keywords=Yogi+tea&qid=1588738415&refinements=p_85%3A2470955011&rnid=2470954011&rps=1&sr=8-181"
"","","174","Hyleys Slim 5 Flavor Assortment 25 Tea Bags (100% Natural Sugar Free Gluten Free and Non GMO)","HYLEYS Tea","$6.99","1417","41","$9905","1459","4.5","7294","AMZ","Grocery & Gourmet Food","B012YNMPQC","https://www.amazon.com/Hyleys-Flavor-Assortment-Bags-1-32/dp/B012YNMPQC/ref=sr_1_182?dchild=1&keywords=Yogi+tea&qid=1588738415&refinements=p_85%3A2470955011&rnid=2470954011&rps=1&sr=8-182"
"","","175","Bigelow Lemon Ginger Herb Plus Probiotics Tea - Caffeine Free - 18 Individually Wrapped Tea Bags","Bigelow Tea","$2.79","1400","75","$3906","125","4.5","3847","AMZ","Grocery & Gourmet Food","B00EVQGAM6","https://www.amazon.com/Bigelow-Tea-Caffeine-Free-Individual-Probiotics/dp/B00EVQGAM6/ref=sr_1_183?dchild=1&keywords=Yogi+tea&qid=1588738415&refinements=p_85%3A2470955011&rnid=2470954011&rps=1&sr=8-183"
"","","176","Yogi Tea Get Regular Herbal Supplement Tea Bags1.27 oz 16 ct 3 pk","Yogi","$21.99","15","0","$330","6","3","252246","FBA","Grocery & Gourmet Food","B006K3VNZW","https://www.amazon.com/Yogi-Regular-Herbal-Supplement-Bags/dp/B006K3VNZW/ref=sr_1_184?dchild=1&keywords=Yogi+tea&qid=1588738415&refinements=p_85%3A2470955011&rnid=2470954011&rps=1&sr=8-184"
"","","177","Bigelow Decaffeinated French Vanilla Black Tea Bags 20 Count Box (Pack of 6) Decaf Black Tea 120 Tea Bags Total","Bigelow Tea","$15.49","888","30","$13755","1342","5","9751","AMZ","Grocery & Gourmet Food","B000GG0BPW","https://www.amazon.com/Bigelow-Decaffeinated-Tea-Individual-Sweetened/dp/B000GG0BPW/ref=sr_1_185?dchild=1&keywords=Yogi+tea&qid=1588738415&refinements=p_85%3A2470955011&rnid=2470954011&rps=1&sr=8-185"
"","","178","Taylors of Harrogate Classic Tea Variety Box 48 Count (Pack of 1)","Taylors of Harrogate","$11.49","13439","885","$154414","4391","4.5","43","AMZ","Grocery & Gourmet Food","B0062JSYEW","https://www.amazon.com/Taylors-Harrogate-Classic-Variety-Count/dp/B0062JSYEW/ref=sr_1_186?dchild=1&keywords=Yogi+tea&qid=1588738415&refinements=p_85%3A2470955011&rnid=2470954011&rps=1&sr=8-186"
"","","179","Good Nature Organic St. John's Wort Tea 1.07 Ounce","Goodnature","$4.40","245","8","$1078","66","4","27697","AMZ","Grocery & Gourmet Food","B00CPD7FD0","https://www.amazon.com/Good-Nature-Organic-Johns-Ounce/dp/B00CPD7FD0/ref=sr_1_187?dchild=1&keywords=Yogi+tea&qid=1588738415&refinements=p_85%3A2470955011&rnid=2470954011&rps=1&sr=8-187"
"","","180","Yogi Tea DeTox 16 Count","Yogi","$11.15","10","0","$112","52","4","226558","","Grocery & Gourmet Food","B007113PM6","https://www.amazon.com/Yogi-Herbal-Tea-Bags-Detox/dp/B007113PM6/ref=sr_1_188?dchild=1&keywords=Yogi+tea&qid=1588738415&refinements=p_85%3A2470955011&rnid=2470954011&rps=1&sr=8-188"
"","","181","Earth Mama Organic Periodic Tea Bags for Occasional Cramps and Menstrual Discomfort 16-Count","Earth Mama","$5.22","376","11","$1963","57","4.5","22991","AMZ","Grocery & Gourmet Food","B072K5BF4F","https://www.amazon.com/Earth-Mama-Occasional-Menstrual-Discomfort/dp/B072K5BF4F/ref=sr_1_189?dchild=1&keywords=Yogi+tea&qid=1588738415&refinements=p_85%3A2470955011&rnid=2470954011&rps=1&sr=8-189"
"","","182","Royal King Ginseng Ginkgo Biloba Tea (20 Tea Bags) - 3 box pack","Royal King","$13.01","36","1","$468","233","4","107419","FBA","Grocery & Gourmet Food","B07JHQ8PTR","https://www.amazon.com/Royal-King-Ginseng-Ginkgo-Biloba/dp/B07JHQ8PTR/ref=sr_1_190?dchild=1&keywords=Yogi+tea&qid=1588738415&refinements=p_85%3A2470955011&rnid=2470954011&rps=1&sr=8-190"
"","","183","Traditional Medicinals Organic Chamomile With Lavender Herbal Tea 0.85 Ounce (Pack Of 2)","Traditional Medicinals","$13.49","793","18","$10698","155","4.5","15434","FBA","Grocery & Gourmet Food","B00R12QNWE","https://www.amazon.com/Traditional-Medicinals-Organic-Chamomile-Lavender/dp/B00R12QNWE/ref=sr_1_191?dchild=1&keywords=Yogi+tea&qid=1588738415&refinements=p_85%3A2470955011&rnid=2470954011&rps=1&sr=8-191"
"","","184","Celestial Seasonings Wellness Tea Sleepytime Throat Tamer 20 Count Box","Celestial Seasonings","$9.30","126","2","$1172","1200","4.5","67016","FBA","Grocery & Gourmet Food","B001V65KA2","https://www.amazon.com/Celestial-Seasonings-Wellness-Sleepytime-Throat/dp/B001V65KA2/ref=sr_1_192?dchild=1&keywords=Yogi+tea&qid=1588738415&refinements=p_85%3A2470955011&rnid=2470954011&rps=1&sr=8-192"
"","","185","Bigelow Mixed Probiotic Green Caffeinated and Herbal Decaffienated Teas 20 Count (Pack of 6) 120 Tea Bags Total","Bigelow Tea","$20.83","270","8","$5624","389","4.5","28016","AMZ","Grocery & Gourmet Food","B07R43FQNP","https://www.amazon.com/Bigelow-Mixed-Green-Count-Total/dp/B07R43FQNP/ref=sr_1_193?dchild=1&keywords=Yogi+tea&qid=1588738415&refinements=p_85%3A2470955011&rnid=2470954011&rps=1&sr=8-193"
"","","186","The Republic of Tea Organic Immunity Supergreen Tea 36 Tea Bags Elderflower Echinacea And Matcha Tea Blend","The Republic of Tea","$14.99","1684","38","$25243","526","4.5","7755","FBA","Grocery & Gourmet Food","B01CF2GBFI","https://www.amazon.com/REPUBLIC-Immunity-Supergreen-Tea-Count/dp/B01CF2GBFI/ref=sr_1_194?dchild=1&keywords=Yogi+tea&qid=1588738415&refinements=p_85%3A2470955011&rnid=2470954011&rps=1&sr=8-194"
"","","187","Bigelow Oolong Tea Bags 20-Count Boxes (Pack of 6) 120 Tea Bags Total. Caffeinated Individual Black Tea Bags for Hot Tea or Iced Tea Drink Plain or Sweetened with Honey or Sugar","Bigelow Tea","$14.85","1501","62","$22290","6482","5","4798","AMZ","Grocery & Gourmet Food","B000GFYRJE","https://www.amazon.com/Bigelow-Tea-Caffeinated-Individual-Sweetened/dp/B000GFYRJE/ref=sr_1_195?dchild=1&keywords=Yogi+tea&qid=1588738415&refinements=p_85%3A2470955011&rnid=2470954011&rps=1&sr=8-195"
"","","188","steep by Bigelow Organic Lemon Ginger Caffeine-Free Herbal Tea 20 Count (Pack of 6) 120 Tea Bags Total","Bigelow Tea","$21.95","906","17","$19887","399","5","16250","AMZ","Grocery & Gourmet Food","B0179R0NJY","https://www.amazon.com/Steep-Bigelow-Organic-Ginger-Caffeine/dp/B0179R0NJY/ref=sr_1_196?dchild=1&keywords=Yogi+tea&qid=1588738415&refinements=p_85%3A2470955011&rnid=2470954011&rps=1&sr=8-196"
"","","189","Stash Tea Organic Gold Cup Chai Herbal Tea with Turmeric 100 Count Tea Bags in Foil (Packaging May Vary) Individual Herbal Tea Bags for Use in Teapots Mugs or Cups Brew Hot Tea or Iced Tea","Stash","$14.75","171","7","$2522","96","4.5","31333","AMZ","Grocery & Gourmet Food","B00PXRJFVK","https://www.amazon.com/Stash-Tea-Turmeric-Packaging-Individual/dp/B00PXRJFVK/ref=sr_1_197?dchild=1&keywords=Yogi+tea&qid=1588738415&refinements=p_85%3A2470955011&rnid=2470954011&rps=1&sr=8-197"
"","","190","Numi Organic Tea Golden Chai 18 Count Box of Tea Bags Black Tea (Packaging May Vary)","Numi","$5.89","1170","30","$6891","1085","4.5","9717","AMZ","Grocery & Gourmet Food","B00822YH84","https://www.amazon.com/Numi-Organic-Tea-Golden-Packaging/dp/B00822YH84/ref=sr_1_198?dchild=1&keywords=Yogi+tea&qid=1588738415&refinements=p_85%3A2470955011&rnid=2470954011&rps=1&sr=8-198"
"","","191","Stash Tea Decaf Chocolate Hazelnut Tea - 18 ct","Stash Tea","$5.83","177","3","$1032","201","4.5","56397","FBA","Grocery & Gourmet Food","B000VPKYSW","https://www.amazon.com/Stash-Tea-Decaf-Chocolate-Hazelnut/dp/B000VPKYSW/ref=sr_1_199?dchild=1&keywords=Yogi+tea&qid=1588738415&refinements=p_85%3A2470955011&rnid=2470954011&rps=1&sr=8-199"
"","","192","Traditional Medicinal Healthy Cycle Formerly Female Toner Tea","Traditional Medicinals","$8.39","222","7","$1863","110","4.5","32517","FBA","Grocery & Gourmet Food","B005P0JPXI","https://www.amazon.com/Traditonal-Medicinals-Healthy-Formerly-Female/dp/B005P0JPXI/ref=sr_1_200?dchild=1&keywords=Yogi+tea&qid=1588738415&refinements=p_85%3A2470955011&rnid=2470954011&rps=1&sr=8-200"
"","","193","Zest Tea Energy Hot Tea High Caffeine Blend Natural & Healthy Coffee Substitute Perfect for Keto 20 servings (135mg Caffeine each) Compostable Teabags (No Plastic) Superberry Samba Green Tea","ZEST TEA","$12.95","618","26","$8003","1918","4.5","10955","FBA","Grocery & Gourmet Food","B07C86YL6L","https://www.amazon.com/Zest-Tea-Caffeine-Substitute-Superberry/dp/B07C86YL6L/ref=sr_1_197?dchild=1&keywords=Yogi+tea&qid=1588738431&refinements=p_85%3A2470955011&rnid=2470954011&rps=1&sr=8-197"
"","","194","Yogi Herbal Green Tea Super Antioxidant 16 ea ( pack of 6)","Yogi","$34.59","12","0","$415","4","5","259325","","Grocery & Gourmet Food","B00QH3E6KO","https://www.amazon.com/Yogi-Herbal-Green-Super-Antioxidant/dp/B00QH3E6KO/ref=sr_1_198?dchild=1&keywords=Yogi+tea&qid=1588738431&refinements=p_85%3A2470955011&rnid=2470954011&rps=1&sr=8-198"
"","","195","Numi Organic Tea Jasmine Green 18 Count Box of Tea Bags (Packaging May Vary)","Numi","$4.12","706","21","$2909","1655","4.5","13339","AMZ","Grocery & Gourmet Food","B000VK2P9S","https://www.amazon.com/Numi-Organic-Monkey-Jasmine-Green/dp/B000VK2P9S/ref=sr_1_199?dchild=1&keywords=Yogi+tea&qid=1588738431&refinements=p_85%3A2470955011&rnid=2470954011&rps=1&sr=8-199"
"","","196","Teas' Tea Unsweetened Jasmine Green Tea 16.9 Ounce (Pack of 12) Organic Zero Calories No Sugars No Artificial Sweeteners Antioxidant Rich High in Vitamin C","Teas' Tea","$16.87","2568","96","$43322","1067","4.5","2895","AMZ","Grocery & Gourmet Food","B0017T6S1I","https://www.amazon.com/Teas-Tea-Unsweetened-Artificial-Antioxidant/dp/B0017T6S1I/ref=sr_1_200?dchild=1&keywords=Yogi+tea&qid=1588738431&refinements=p_85%3A2470955011&rnid=2470954011&rps=1&sr=8-200"
"","","197","Yogi Teas Tea Caramel Bedtime Pack of 3","Yogi","$20.98","26","1","$545","40","4","107071","","Grocery & Gourmet Food","B00H9IZW22","https://www.amazon.com/Yogi-Teas-Caramel-Bedtime-Pack/dp/B00H9IZW22/ref=sr_1_201?dchild=1&keywords=Yogi+tea&qid=1588738431&refinements=p_85%3A2470955011&rnid=2470954011&rps=1&sr=8-201"
"","","198","Gaia Herbs Cleanse & Detox Herbal Tea 16 Tea Bags - Everyday Cleansing & Detoxification Healthy Liver Function","Gaia Herbs","$5.99","993","39","$5948","340","4.5","13538","AMZ","Health & Household","B01FGGK0TI","https://www.amazon.com/Gaia-Herbs-Cleanse-Detox-Herbal/dp/B01FGGK0TI/ref=sr_1_202?dchild=1&keywords=Yogi+tea&qid=1588738431&refinements=p_85%3A2470955011&rnid=2470954011&rps=1&sr=8-202"
"","","199","Yogi Tea Sweet Tangerine Positive Energy 16 teabags 1 box by Yogi Tea","Yogi","$10.94","38","2","$416","2","5","71270","FBA","Grocery & Gourmet Food","B018KUUVHI","https://www.amazon.com/Yogi-Tangerine-Positive-Energy-teabags/dp/B018KUUVHI/ref=sr_1_203?dchild=1&keywords=Yogi+tea&qid=1588738431&refinements=p_85%3A2470955011&rnid=2470954011&rps=1&sr=8-203"
"","","200","Hyleys Wellness Turmeric with Green Tea Ginger & Lemon Flavor - 25 Tea Bags (Gmo Free Gluten Free Dairy Free Sugar Free & 100% Natural)","HYLEYS Tea","$10.95","155","9","$1697","2","5","26986","AMZ","Grocery & Gourmet Food","B07ZXN2P2L","https://www.amazon.com/Hyleys-Wellness-Turmeric-Tea-Ginger/dp/B07ZXN2P2L/ref=sr_1_204?dchild=1&keywords=Yogi+tea&qid=1588738431&refinements=p_85%3A2470955011&rnid=2470954011&rps=1&sr=8-204"
"","","201","Yogi Egyptian Licorice Mint Tea (3X16 Bag)","Yogi","$28.79","10","0","$288","4","5","263748","FBA","Grocery & Gourmet Food","B006R0DJKK","https://www.amazon.com/Yogi-Egyptian-Licorice-Mint-3X16/dp/B006R0DJKK/ref=sr_1_205?dchild=1&keywords=Yogi+tea&qid=1588738431&refinements=p_85%3A2470955011&rnid=2470954011&rps=1&sr=8-205"
"","","202","Davidson's Tea Cinnamon Vanilla 100-Count Tea Bags","Davidson's","$12.90","30","1","$387","1839","4","105703","AMZ","Grocery & Gourmet Food","B000SARH80","https://www.amazon.com/Davidsons-Tea-Cinnamon-Vanilla-100-Count/dp/B000SARH80/ref=sr_1_206?dchild=1&keywords=Yogi+tea&qid=1588738431&refinements=p_85%3A2470955011&rnid=2470954011&rps=1&sr=8-206"
"","","203","DAVIDsTEA Fan Faves Sachet Tea Wheel Tea Assortment Box Tea Gift Set Ready-to-Steep No Filters Needed 36 sachets 3.2 Ounces","DAVIDs TEA","$32.00","315","27","$10080","36","5","10889","FBA","Grocery & Gourmet Food","B07VT8HYNZ","https://www.amazon.com/DAVIDsTEA-Assortment-Filters-sachets-Favorites/dp/B07VT8HYNZ/ref=sr_1_207?dchild=1&keywords=Yogi+tea&qid=1588738431&refinements=p_85%3A2470955011&rnid=2470954011&rps=1&sr=8-207"
"","","204","Yogi Teas Tea Peach Detox Org3","Yogi","$18.99","15","1","$285","13","3.5","145331","FBA","Grocery & Gourmet Food","B00028LV5S","https://www.amazon.com/Yogi-Teas-Peach-Detox-Org3/dp/B00028LV5S/ref=sr_1_208?dchild=1&keywords=Yogi+tea&qid=1588738431&refinements=p_85%3A2470955011&rnid=2470954011&rps=1&sr=8-208"
"","","205","Yogi Egyptian Licorice Tea Bags 16 ea","Yogi","$8.99","30","1","$270","45","4.5","95739","","Grocery & Gourmet Food","B00016AU08","https://www.amazon.com/Yogi-Egyptian-Licorice-Tea-Bags/dp/B00016AU08/ref=sr_1_209?dchild=1&keywords=Yogi+tea&qid=1588738431&refinements=p_85%3A2470955011&rnid=2470954011&rps=1&sr=8-209"
"","","206","Stash Tea Premium Caffeine Free Herbal Tea Cinnamon Vanilla 18 Count","Stash Tea","$7.00","228","4","$1596","342","4.5","42714","FBA","Grocery & Gourmet Food","B01DP9BUJW","https://www.amazon.com/Stash-Tea-Premium-Caffeine-Cinnamon/dp/B01DP9BUJW/ref=sr_1_210?dchild=1&keywords=Yogi+tea&qid=1588738431&refinements=p_85%3A2470955011&rnid=2470954011&rps=1&sr=8-210"
"","","207","Sleep Better Tea Kit - 40+ Servings Night Time Herb Tea Assortment with 10 Honey Sticks. Perfect Sampler Gift for Those Who Look For a Good Nights Sleep. Best Tea Gift","Honey Tea & Me","$24.99","184","14","$4598","76","4.5","18805","FBA","Grocery & Gourmet Food","B07K7VYQGC","https://www.amazon.com/Sleep-Better-Tea-Kit-Assortment/dp/B07K7VYQGC/ref=sr_1_211?dchild=1&keywords=Yogi+tea&qid=1588738431&refinements=p_85%3A2470955011&rnid=2470954011&rps=1&sr=8-211"
"","","208","Yogi Tea Stomach Ease Herbal Supplement Tea Bags 16 ct","Yogi","$14.40","0","0","$0","2","5","344656","","Grocery & Gourmet Food","B0054Q21BQ","https://www.amazon.com/Yogi-Stomach-Ease-Herbal-Supplement/dp/B0054Q21BQ/ref=sr_1_212?dchild=1&keywords=Yogi+tea&qid=1588738431&refinements=p_85%3A2470955011&rnid=2470954011&rps=1&sr=8-212"
"","","209","Twinings of London Lemon & Ginger Herbal Tea Bags 50 Count (Pack of 1)","Twinings","$11.93","2450","72","$29229","195","4.5","4030","FBA","Grocery & Gourmet Food","B079Y5WDHH","https://www.amazon.com/Twinings-London-Lemon-Ginger-Herbal/dp/B079Y5WDHH/ref=sr_1_217?dchild=1&keywords=Yogi+tea&qid=1588738431&refinements=p_85%3A2470955011&rnid=2470954011&rps=1&sr=8-217"
"","","210","Traditional Medicinals Organic Smooth Move Herbal Stimulant Laxative Wrapped Tea Bags 16 Count (Pack of 1)","Traditional Medicinals","$6.95","40","1","$278","79","4.5","157429","","Grocery & Gourmet Food","B00JSCGA3C","https://www.amazon.com/Traditional-Medicinals-Organic-Stimulant-Laxative/dp/B00JSCGA3C/ref=sr_1_218?dchild=1&keywords=Yogi+tea&qid=1588738431&refinements=p_85%3A2470955011&rnid=2470954011&rps=1&sr=8-218"
"","","211","Yogi Kava Stress Relief Tea Bags 16 Bags - 2 Pack","Yogi","$12.50","30","2","$375","132","4.5","80444","","Grocery & Gourmet Food","B006K3W1FS","https://www.amazon.com/Yogi-Kava-Stress-Relief-Bags/dp/B006K3W1FS/ref=sr_1_219?dchild=1&keywords=Yogi+tea&qid=1588738431&refinements=p_85%3A2470955011&rnid=2470954011&rps=1&sr=8-219"
"","","212","Calming Blends Diverticulitis and Diverticulosis Tea Certified Organic Caffeine Free 2 Oz","CALMING BLENDS","$18.95","791","32","$14989","436","4.5","9268","FBA","Grocery & Gourmet Food","B01DTH9K0G","https://www.amazon.com/Diverticulitis-Diverticulosis-natural-caffeine-packaged/dp/B01DTH9K0G/ref=sr_1_220?dchild=1&keywords=Yogi+tea&qid=1588738431&refinements=p_85%3A2470955011&rnid=2470954011&rps=1&sr=8-220"
"","","213","Stash Tea Organic Premium Green Tea 18 Count Box of Tea Bags Individually Wrapped in Foil (Pack of 6) Medium Caffiene Tea Japanese Style Green Tea Hot or Iced","Stash","$19.14","20","1","$383","284","4.5","110604","AMZ","Grocery & Gourmet Food","B000NIFO96","https://www.amazon.com/Stash-Tea-Individually-Caffiene-Japanese/dp/B000NIFO96/ref=sr_1_221?dchild=1&keywords=Yogi+tea&qid=1588738431&refinements=p_85%3A2470955011&rnid=2470954011&rps=1&sr=8-221"
"","","214","Yogis Herbs MURUNGAI Instant Kashayam / Moringa Tea (Moringa Oleifera)  Herbal Infusion  20 Dip Bags","YOGIS HERBS","$5.99","0","0","$0","0","","245809","FBA","Grocery & Gourmet Food","B07ZRXMN1Y","https://www.amazon.com/MURUNGAI-Instant-Kashayam-Moringa-Oleifera/dp/B07ZRXMN1Y/ref=sr_1_222?dchild=1&keywords=Yogi+tea&qid=1588738431&refinements=p_85%3A2470955011&rnid=2470954011&rps=1&sr=8-222"
"","","215","Elderberry Tea with Calendula Yarrow Rosehip Thyme Peppermint - Vitamin C Rich Immune System Booster Cough & Cold Season Tea| Caffeine Free Immunity Support Herbal Blend - 60 grams","Teatox Life","$17.99","337","9","$6063","36","5","25395","FBA","Grocery & Gourmet Food","B06XK8NR27","https://www.amazon.com/Elderflower-Tea-Loose-Leaf-Allergies/dp/B06XK8NR27/ref=sr_1_223?dchild=1&keywords=Yogi+tea&qid=1588738431&refinements=p_85%3A2470955011&rnid=2470954011&rps=1&sr=8-223"
"","","216","Stash Tea Coconut Mango Wuyi Oolong Tea 100 Count Tea Bags in Foil (packaging may vary) Individual Black Tea Bags for Use in Teapots Mugs or Cups Brew Hot Tea or Iced Tea Fair Trade Certified","Stash","$14.25","258","10","$3677","106","4.5","23733","AMZ","Grocery & Gourmet Food","B003D4MXFK","https://www.amazon.com/Stash-Tea-packaging-Individual-Certified/dp/B003D4MXFK/ref=sr_1_224?dchild=1&keywords=Yogi+tea&qid=1588738431&refinements=p_85%3A2470955011&rnid=2470954011&rps=1&sr=8-224"
"","","217","Stash Tea Green Tea Six Flavor Assortment 18-20 Count Tea Bags in Foil (Pack of 6)","Stash","$14.99","2067","78","$30984","340","4.5","3725","AMZ","Grocery & Gourmet Food","B005Q8BL72","https://www.amazon.com/Stash-Tea-Green-Flavor-Assortment/dp/B005Q8BL72/ref=sr_1_225?dchild=1&keywords=Yogi+tea&qid=1588738431&refinements=p_85%3A2470955011&rnid=2470954011&rps=1&sr=8-225"
"","","218","Traditional Medicinals TBOS Organic Spearmint Herbal Tea 16 Count (Pack of 1)","Traditional Medicinals","$5.77","294","21","$1696","726","4.5","13330","FBA","Grocery & Gourmet Food","B00MN4DC0Q","https://www.amazon.com/Traditional-Medicinals-Organic-Spearmint-Certified/dp/B00MN4DC0Q/ref=sr_1_226?dchild=1&keywords=Yogi+tea&qid=1588738431&refinements=p_85%3A2470955011&rnid=2470954011&rps=1&sr=8-226"
"","","219","Yogi Tea Green Tea Blueberry Slim Life 16 Bags (Pack of 3)","Yogi","$15.13","65","6","$983","43","4","34691","FBA","Grocery & Gourmet Food","B003DR9UFS","https://www.amazon.com/Yogi-Green-Blueberry-Slim-Life/dp/B003DR9UFS/ref=sr_1_227?dchild=1&keywords=Yogi+tea&qid=1588738431&refinements=p_85%3A2470955011&rnid=2470954011&rps=1&sr=8-227"
"","","220","Stash Tea Organic Green Tea Lemon Ginger 100 Count Tea Bags in Foil (packaging may vary) Individual Green Tea Bags for Use in Teapots Mugs or Cups Brew Hot Tea or Iced Tea","Stash","$15.48","546","15","$8452","118","4.5","18081","AMZ","Grocery & Gourmet Food","B00E19WEB4","https://www.amazon.com/Stash-Tea-Organic-packaging-Individual/dp/B00E19WEB4/ref=sr_1_228?dchild=1&keywords=Yogi+tea&qid=1588738431&refinements=p_85%3A2470955011&rnid=2470954011&rps=1&sr=8-228"
"","","221","Numi Organic Tea Moroccan Mint 18 Count Box of Tea Bags (Pack of 3) Herbal Teasan (Packaging May Vary)","Numi","$14.07","1394","40","$19614","1117","4.5","7544","AMZ","Grocery & Gourmet Food","B003ULJJN0","https://www.amazon.com/Numi-Organic-Moroccan-Herbal-Packaging/dp/B003ULJJN0/ref=sr_1_229?dchild=1&keywords=Yogi+tea&qid=1588738431&refinements=p_85%3A2470955011&rnid=2470954011&rps=1&sr=8-229"
"","","222","Aprika Life - Sleep Tea with Sleep Guide 100% Natural Herbal Tea with 12 Herbs Created by Herbalists Promotes Relaxation Aids Anxiety Insomnia & Stress Relief - Restful Sleep - 60 bags","aprika life","$14.99","570","22","$8544","16","5","12645","FBA","Grocery & Gourmet Food","B084MBLXHV","https://www.amazon.com/Aprika-Life-Herbalists-Promotes-Relaxation/dp/B084MBLXHV/ref=sr_1_230?dchild=1&keywords=Yogi+tea&qid=1588738431&refinements=p_85%3A2470955011&rnid=2470954011&rps=1&sr=8-230"
"","","223","Stash Tea Organic Chocolate Orange Herbal Tea 18 Count Tea Bags in Foil (Pack of 6) (Packaging May Vary) Individual Herbal Tea Bags for Use in Teapots Mugs or Cups Brew Hot Tea or Iced Tea","Stash","$19.38","15","1","$291","13","3.5","128147","AMZ","Grocery & Gourmet Food","B00B09EI4E","https://www.amazon.com/Stash-Tea-Chocolate-Packaging-Individual/dp/B00B09EI4E/ref=sr_1_231?dchild=1&keywords=Yogi+tea&qid=1588738431&refinements=p_85%3A2470955011&rnid=2470954011&rps=1&sr=8-231"
"","","224","Traditional Medicinals Tea Breathe Easy 16 ct","Traditional Medicinals","$9.50","306","3","$2907","60","4.5","54044","FBA","Grocery & Gourmet Food","B0000TZJW0","https://www.amazon.com/Traditional-Medicinals-Tea-Breathe-Easy/dp/B0000TZJW0/ref=sr_1_232?dchild=1&keywords=Yogi+tea&qid=1588738431&refinements=p_85%3A2470955011&rnid=2470954011&rps=1&sr=8-232"
"","","225","Stash Tea Lemon Ginger Herbal Tea 100 Count Box of Tea Bags Premium Herbal Tisane Citrus-y Warming Herbal Tea Enjoy Hot or Iced","Stash","$18.99","2787","65","$52925","1237","4.5","4523","AMZ","Grocery & Gourmet Food","B003D4IYJO","https://www.amazon.com/Stash-Tea-Premium-Citrus-y-Warming/dp/B003D4IYJO/ref=sr_1_233?dchild=1&keywords=Yogi+tea&qid=1588738431&refinements=p_85%3A2470955011&rnid=2470954011&rps=1&sr=8-233"
"","","226","Tiesta Tea | Immunity Tea Chocolate Ginger Turmeric Spiced Cocoa Rooibos Tea 200 Servings 1 Lb Bag Caffeine Free Loose Leaf Herbal Tea Immunity Blend Non-GMO","Tiesta Tea","$27.52","12","1","$330","188","4.5","163429","AMZ","Grocery & Gourmet Food","B01MPXF49H","https://www.amazon.com/Tiesta-Tea-Chocolate-Turmeric-Servings/dp/B01MPXF49H/ref=sr_1_234?dchild=1&keywords=Yogi+tea&qid=1588738431&refinements=p_85%3A2470955011&rnid=2470954011&rps=1&sr=8-234"
"","","227","Traditional Medicinals Organic Belly Comfort Peppermint Digestive Tea 16 Tea Bags (Pack of 6)","Traditional Medicinals","$29.09","342","8","$9949","338","4.5","28161","AMZ","Grocery & Gourmet Food","B0009F3PIA","https://www.amazon.com/Traditional-Medicinals-Organic-Peppermint-Digestive/dp/B0009F3PIA/ref=sr_1_235?dchild=1&keywords=Yogi+tea&qid=1588738431&refinements=p_85%3A2470955011&rnid=2470954011&rps=1&sr=8-235"
"","","228","Numi Organic Tea Three Roots 12 Count Box of Tea Bags (Pack of 3) Turmeric Tea (Packaging May Vary)","Numi","$17.97","773","16","$13891","395","4.5","16747","AMZ","Grocery & Gourmet Food","B00MFAOWJ8","https://www.amazon.com/Numi-Organic-Tea-Three-Turmeric/dp/B00MFAOWJ8/ref=sr_1_236?dchild=1&keywords=Yogi+tea&qid=1588738431&refinements=p_85%3A2470955011&rnid=2470954011&rps=1&sr=8-236"
"","","229","Traditional Medicinals Organic Smooth Move Peppermint Tea 16 ct","Traditional Medicinals","$6.89","41","1","$282","193","4.5","107830","","Grocery & Gourmet Food","B00EVJUYFC","https://www.amazon.com/Traditional-Medicinals-Organic-Smooth-Peppermint/dp/B00EVJUYFC/ref=sr_1_237?dchild=1&keywords=Yogi+tea&qid=1588738431&refinements=p_85%3A2470955011&rnid=2470954011&rps=1&sr=8-237"
"","","230","HAPPY LAB HAPPY STOMACH TEA. 1 pot with 14 biodegradable tea bags.","Happy-Lab","$10.99","15","1","$165","9","4.5","165929","FBA","Grocery & Gourmet Food","B01M59Z4RU","https://www.amazon.com/HAPPY-STOMACH-TEA-biodegradable-bags/dp/B01M59Z4RU/ref=sr_1_238?dchild=1&keywords=Yogi+tea&qid=1588738431&refinements=p_85%3A2470955011&rnid=2470954011&rps=1&sr=8-238"
"","","231","Salada Pure White Tea 40-Count Packages (Pack of 6)","Salada","$30.85","66","2","$2036","66","5","64639","AMZ","Grocery & Gourmet Food","B001SB16B2","https://www.amazon.com/Salada-Pure-White-40-Count-Packages/dp/B001SB16B2/ref=sr_1_239?dchild=1&keywords=Yogi+tea&qid=1588738431&refinements=p_85%3A2470955011&rnid=2470954011&rps=1&sr=8-239"
"","","232","Celestial Seasonings Wellness Tea Sleepytime Extra 40 Count Box (Pack of 6)","Celestial Seasonings","$23.94","1889","61","$45223","1081","4.5","4846","AMZ","Grocery & Gourmet Food","B07288BJXV","https://www.amazon.com/Celestial-Seasonings-Wellness-Sleepytime-Extra/dp/B07288BJXV/ref=sr_1_240?dchild=1&keywords=Yogi+tea&qid=1588738431&refinements=p_85%3A2470955011&rnid=2470954011&rps=1&sr=8-240"
"","","233","Wild-Harvested Kava Kava Root Tea  18 Bleach-Free Tea Bags  Caffeine-Free Tea Earthy and Rich Taste Chemical-Free GMO-Free Herbal Tea Kosher","Buddha Teas","$7.38","288","11","$2125","112","3.5","21765","FBA","Grocery & Gourmet Food","B00DLKQ4SI","https://www.amazon.com/Kava-Root-Tea-Organic-Bleach/dp/B00DLKQ4SI/ref=sr_1_241?dchild=1&keywords=Yogi+tea&qid=1588738431&refinements=p_85%3A2470955011&rnid=2470954011&rps=1&sr=8-241"
"","","234","Bigelow Classic Green Tea Bags 40-Count Boxes (Pack of 6) 240 Tea Bags Total Caffeinated Individual Green Tea Bags for Hot Tea or Iced Tea Drink Plain or Sweetened with Honey or Sugar","Bigelow Tea","$20.52","7764","207","$159317","2702","4.5","1025","AMZ","Grocery & Gourmet Food","B000GG0BNE","https://www.amazon.com/Bigelow-Tea-Caffeinated-Individual-Sweetened/dp/B000GG0BNE/ref=sr_1_242?dchild=1&keywords=Yogi+tea&qid=1588738431&refinements=p_85%3A2470955011&rnid=2470954011&rps=1&sr=8-242"
"","","235","The Tao of Tea Hibiscus Ginger Tea Loose Leaf 3.0 Ounce Tin to make 50 cups","The Tao of Tea","$7.62","2020","101","$15392","559","4.5","2735","AMZ","Grocery & Gourmet Food","B007Y94GN2","https://www.amazon.com/Tao-Tea-Hibiscus-Ginger-Loose/dp/B007Y94GN2/ref=sr_1_243?dchild=1&keywords=Yogi+tea&qid=1588738431&refinements=p_85%3A2470955011&rnid=2470954011&rps=1&sr=8-243"
"","","236","Organic Elderberries Echinacea Herbal Tea","Herbal Cup","$9.99","1030","18","$10290","13","4.5","15220","FBA","Grocery & Gourmet Food","B085B98379","https://www.amazon.com/Organic-Elderberries-Echinacea-Herbal-Tea/dp/B085B98379/ref=sr_1_244?dchild=1&keywords=Yogi+tea&qid=1588738431&refinements=p_85%3A2470955011&rnid=2470954011&rps=1&sr=8-244"
"","","237","Tiesta Tea Cocoa Chili Pumpkin Pumpkin Spiced Black Tea 50 Servings 5 Ounce Tin - High Caffeine Loose Leaf Black Tea Energizer Blend Non-GMO","Tiesta Tea","$8.74","23","1","$201","96","4.5","140812","AMZ","Grocery & Gourmet Food","B01M8NNEWV","https://www.amazon.com/Tiesta-Tea-Pumpkin-Spiced-Servings/dp/B01M8NNEWV/ref=sr_1_245?dchild=1&keywords=Yogi+tea&qid=1588738431&refinements=p_85%3A2470955011&rnid=2470954011&rps=1&sr=8-245"
"","","238","Stash Tea Chamomile Nights Herbal Tea 100 Count Tea Bags in Foil (Packaging May Vary) Individual Herbal Tea Bags for Use in Teapots Mugs or Cups Brew Hot Tea or Iced Tea","Stash","$12.99","900","31","$11691","236","4.5","9405","AMZ","Grocery & Gourmet Food","B003D4IYSU","https://www.amazon.com/Stash-Tea-Chamomile-Packaging-Individual/dp/B003D4IYSU/ref=sr_1_246?dchild=1&keywords=Yogi+tea&qid=1588738431&refinements=p_85%3A2470955011&rnid=2470954011&rps=1&sr=8-246"
"","","239","Yogi Tea Green Super Antioxidant 16 Count","Yogi","$7.99","30","1","$240","18","4","134731","","Grocery & Gourmet Food","B00H7JP74G","https://www.amazon.com/Yogi-Green-Super-Antioxidant-Count/dp/B00H7JP74G/ref=sr_1_247?dchild=1&keywords=Yogi+tea&qid=1588738431&refinements=p_85%3A2470955011&rnid=2470954011&rps=1&sr=8-247"
"","","240","Yogi Tea Green Tea Blueberry Slim Life Herbal Supplement Tea Bags 16 ct 2 pk","Yogi Tea","$10.55","13","2","$137","26","4.5","80378","","Grocery & Gourmet Food","B00KPTDKU8","https://www.amazon.com/Yogi-Green-Blueberry-Herbal-Supplement/dp/B00KPTDKU8/ref=sr_1_248?dchild=1&keywords=Yogi+tea&qid=1588738431&refinements=p_85%3A2470955011&rnid=2470954011&rps=1&sr=8-248"